n,xa,phat_a,variance_a,sigma_a,cdf_probability,relative_gain
1,NaN,NaN,NaN,NaN,NaN,NaN
2,NaN,NaN,NaN,NaN,NaN,NaN
3,NaN,NaN,NaN,NaN,NaN,NaN
4,NaN,NaN,NaN,NaN,NaN,NaN
5,NaN,NaN,NaN,NaN,NaN,NaN
6,NaN,NaN,NaN,NaN,NaN,NaN
7,NaN,NaN,NaN,NaN,NaN,NaN
8,NaN,NaN,NaN,NaN,NaN,NaN
9,NaN,NaN,NaN,NaN,NaN,NaN
10,NaN,NaN,NaN,NaN,NaN,NaN
11,NaN,NaN,NaN,NaN,NaN,NaN
12,NaN,NaN,NaN,NaN,NaN,NaN
13,NaN,NaN,NaN,NaN,NaN,NaN
14,NaN,NaN,NaN,NaN,NaN,NaN
15,NaN,NaN,NaN,NaN,NaN,NaN
16,NaN,NaN,NaN,NaN,NaN,NaN
17,NaN,NaN,NaN,NaN,NaN,NaN
18,NaN,NaN,NaN,NaN,NaN,NaN
19,NaN,NaN,NaN,NaN,NaN,NaN
20,NaN,NaN,NaN,NaN,NaN,NaN
21,NaN,NaN,NaN,NaN,NaN,NaN
22,0,0,0,0,0.0984770902183616,NaN
23,0,0,0,0,0.0886293811965251,NaN
24,0,0,0,0,0.0797664430768722,NaN
25,0,0,0,0,0.0717897987691853,NaN
26,0,0,0,0,0.0646108188922669,NaN
27,0,0,0,0,0.0581497370030405,NaN
28,0,0,0,0,0.052334763302736,NaN
29,0,0,0,0,0.0471012869724625,NaN
30,0,0,0,0,0.0423911582752157,NaN
31,0,0,0,0,0.0381520424476947,NaN
32,0,0,0,0,0.0343368382029255,NaN
33,0,0,0,0,0.0309031543826324,NaN
34,0,0,0,0,0.0278128389443695,NaN
35,0,0,0,0,0.0250315550499323,NaN
36,0,0,0,0,0.0225283995449392,NaN
37,0,0,0,0,0.0202755595904453,NaN
38,1,0.0263157894736842,0.000674296544685814,0.0259672205806824,0.0952951300750925,NaN
39,1,0.0256410256410256,0.000640604190900049,0.0253101598355295,0.0875904174307236,0.0253034683905182
40,1,0.025,0.000609375,0.0246855220726644,0.0804736960144772,0.0246793290490504
41,1,0.024390243902439,0.000580374631824843,0.0240909657719412,0.0739044147071734,0.0240852228675992
42,1,0.0238095238095238,0.000553395961559227,0.0235243695252227,0.067844252701185,0.0235190341509024
43,1,0.0232558139534884,0.000528255373740677,0.022983806772175,0.0622570789493226,0.0229788412594066
44,1,0.0227272727272727,0.000504789631855748,0.0224675239369128,0.0571088974208211,0.0224628948711518
45,1,0.0222222222222222,0.000482853223593964,0.0219739214432464,0.0523677814085261,0.021969599100121
46,1,0.0217391304347826,0.000462316100928742,0.0215015371759496,0.0480037996244827,0.0214974950427894
47,1,0.0212765957446809,0.000443061749323368,0.0210490320281805,0.0439889363831616,0.0210452463963946
48,1,0.0208333333333333,0.000424985532407407,0.0206151772344408,0.0402970077938603,0.0206116268510023
49,1,0.0204081632653061,0.000407993268111076,0.0201988432369548,0.0369035755585893,0.0201955090053963
50,1,0.02,0.000392,0.0197989898732233,0.0337858596924318,0.0197958545962648
51,1,0.0196078431372549,0.000376928933818818,0.019414657705425,0.0309226512439201,0.0194117058627381
52,2,0.0384615384615385,0.000711197086936732,0.0266682786646745,0.0966332851372525,-0.373615701564629
53,2,0.0377358490566038,0.000685129334954358,0.0261749753572827,0.0897993792123465,0.0184977558392319
54,2,0.037037037037037,0.000660468424528781,0.0256995802403226,0.0834076672002274,0.018162199217805
55,2,0.0363636363636364,0.000637114951164538,0.0252411360910031,0.0774338748196695,0.0178385851065479
56,2,0.0357142857142857,0.000614978134110787,0.0247987526724791,0.0718545781623573,0.0175262879186211
57,2,0.0350877192982456,0.000593974934257774,0.0243716009785524,0.0666472346155331,0.0172247249516198
58,2,0.0344827586206897,0.00057402927549305,0.0239589080613673,0.0617902032709494,0.0169333527800762
59,2,0.0338983050847458,0.000555071355883513,0.0235599523743897,0.0572627561961758,0.016651664005541
60,2,0.0333333333333333,0.000537037037037037,0.0231740595717936,0.0530450818159933,0.0163791843236343
61,2,0.0327868852459016,0.000519867301668421,0.0228005987129378,0.0491182815309936,0.0161154698726292
62,2,0.032258064516129,0.000503507770803263,0.0224389788271049,0.0454643605878363,0.015860104832585
63,2,0.0317460317460317,0.00048790827324463,0.0220886457992479,0.0420662141106962,0.0156126992478767
64,2,0.03125,0.0004730224609375,0.0217490795423048,0.0389076091065375,0.0153728870492661
65,3,0.0461538461538462,0.000677287209831589,0.0260247422625391,0.0995528251864033,-0.196590513723471
66,3,0.0454545454545455,0.000657400450788881,0.0256398215826257,0.0931948589844793,0.0147905664551933
67,3,0.0447761194029851,0.000638376396032757,0.0252661116128453,0.0872002051369548,0.01457537325586
68,3,0.0441176470588235,0.000620165886423774,0.0249031300527418,0.0815521172149891,0.0143663404035201
69,3,0.0434782608695652,0.000602723213062656,0.0245504218510122,0.0762342252023071,0.0141632076362561
70,3,0.0428571428571429,0.00058600583090379,0.0242075573097285,0.0712305722631025,0.0139657291171771
71,3,0.0422535211267606,0.000569974099706352,0.0238741303445037,0.0665256448725071,0.0137736724510748
72,3,0.0416666666666667,0.000554591049382716,0.0235497568858516,0.0621043969275205,0.0135868177802228
73,3,0.0410958904109589,0.000539822167154649,0.0232340734085663,0.0579522684226636,0.0134049569520168
74,3,0.0405405405405405,0.000525635204232721,0.0229267355773281,0.0540551992402481,0.0132278927518985
75,3,0.04,0.000512,0.0226274169979695,0.0503996385705462,0.013055438195682
76,3,0.0394736842105263,0.000498888321912815,0.0223358080649171,0.0469725504427008,0.0128874158759968
77,3,0.038961038961039,0.000486273719533966,0.0220516148962829,0.0437614158133225,0.0127236573580954
78,4,0.0512820512820513,0.000623746185876363,0.0249749111284978,0.09939432326731,-0.132566083979077
79,4,0.0506329113924051,0.000608471135143467,0.0246672076884164,0.0935303141032413,0.0123205019028209
80,4,0.05,0.00059375,0.0243669858620224,0.0879712334157031,0.012170888176165
81,4,0.0493827160493827,0.000579556338332947,0.0240739763714461,0.0827047359222453,0.0120248557714697
82,4,0.0487804878048781,0.000565865266029222,0.0237879226926023,0.0777186623212987,0.0118822779598291
83,4,0.0481927710843374,0.00055265334818735,0.0235085803099071,0.0730010696065584,0.0117430339044311
84,4,0.0476190476190476,0.000539898499082173,0.0232357160225841,0.0685402572547674,0.011607008323167
85,4,0.0470588235294118,0.000527579890087523,0.0229691072984459,0.0643247895823305,0.0114740911740806
86,4,0.0465116279069767,0.000515677864842089,0.0227085416714083,0.0603435145583589,0.011344177361879
87,4,0.0459770114942529,0.00050417386101506,0.0224538161793282,0.056585579352803,0.0112171664638811
88,4,0.0454545454545455,0.00049305033809166,0.0222047368390544,0.0530404428878038,0.0110929624739278
89,4,0.0449438202247191,0.000482290710655362,0.0219611181558536,0.0496978856493783,0.0109714735628997
90,4,0.0444444444444444,0.000471879286694101,0.0217227826646151,0.0465480170046934,0.0108526118546009
91,5,0.0549450549450549,0.000570616438265273,0.0238875791629305,0.0975758890485423,-0.0996555796620732
92,5,0.0543478260869565,0.000558631955288896,0.0236353962371883,0.0921764281694854,0.0105570733652889
93,5,0.0537634408602151,0.000547020788033174,0.0233884755388883,0.0870376309190742,0.0104470725103209
94,5,0.0531914893617021,0.000535767604480703,0.023146654282654,0.0821499339888503,0.0103393338241401
95,5,0.0526315789473684,0.000524857850998688,0.0229097763192635,0.0775038760079877,0.0102337884558956
96,5,0.0520833333333333,0.000514277705439815,0.0226776918014117,0.0730901209261677,0.0101303703108045
97,5,0.0515463917525773,0.000504014033503785,0.0224502568694388,0.0688994787385927,0.0100290159141641
98,5,0.0510204081632653,0.000494054348103256,0.0222273333556515,0.0649229237062492,0.00992966428329892
99,5,0.0505050505050505,0.000484386771500331,0.0220087885059658,0.0611516102239653,0.00983225680691581
100,5,0.05,0.000475,0.0217944947177034,0.0575768864870344,0.00973673713136567
101,5,0.0495049504950495,0.000465883271005269,0.0215843292924582,0.0541903061046749,0.00964305105336743
102,5,0.0490196078431373,0.000457026332255317,0.0213781742030351,0.0509836378051348,0.00955114641876374
103,5,0.0485436893203883,0.000448419413083048,0.0211759158735354,0.0479488733731939,0.00946097302692099
104,6,0.0576923076923077,0.000522729858898498,0.0228632862663813,0.0948359838466474,-0.0796834669594933
105,6,0.0571428571428571,0.000513119533527697,0.0226521419192026,0.0898602088576276,0.00923508303743317
106,6,0.0566037735849057,0.000503771569819381,0.0224448561995701,0.0851106054590154,0.009150822044638
107,6,0.0560747663551402,0.000494676513395856,0.0222413244523759,0.0805794838167513,0.009068079803428
108,6,0.0555555555555556,0.000485825331504344,0.0220414457671076,0.0762592163499084,0.00898681576703655
109,6,0.055045871559633,0.000477209390677738,0.0218451228121459,0.0721422555873889,0.00890699081339859
110,6,0.0545454545454545,0.000468820435762584,0.021652261677769,0.0682211502397858,0.0088285671834113
111,6,0.0540540540540541,0.000460650570219599,0.0214627717273329,0.0644885595723554,0.00875150842236059
112,6,0.0535714285714286,0.000452692237609329,0.0212765654561381,0.0609372661659162,0.00867577932432735
113,6,0.0530973451327434,0.00044493820418228,0.0210935583575242,0.0575601871530024,0.00860134587939695
114,6,0.0526315789473684,0.000437381542498907,0.0209136687957639,0.0543503840164194,0.00852817522351395
115,6,0.0521739130434783,0.00043001561601052,0.0207368178853584,0.0513010710366754,0.00845623559082405
116,7,0.0603448275862069,0.00048882180491205,0.0221093148901555,0.0963873415229419,-0.0661864810881202
117,7,0.0598290598290598,0.000480765328453253,0.0219263614959996,0.0915891696179781,0.00827494633211593
118,7,0.0593220338983051,0.000472906188071809,0.0217464063254555,0.0869960105125979,0.00820725183140695
119,7,0.0588235294117647,0.000465237998313512,0.0215693764006638,0.0826014745036539,0.00814065193771493
120,7,0.0583333333333333,0.00045775462962963,0.0213952010887869,0.0783991994451138,0.0080751204226516
121,7,0.0578512396694215,0.000450450196182914,0.0212238120087536,0.0743828657608384,0.00801063188525664
122,7,0.0573770491803279,0.000443319044325296,0.0210551429424095,0.0705462101624376,0.00794716171979701
123,7,0.0569105691056911,0.000436355741705345,0.0208891297498327,0.0668830381215387,0.00788468608505237
124,7,0.0564516129032258,0.000429555066966533,0.0207257102885892,0.0633872351480187,0.00782318187500176
125,7,0.056,0.000422912,0.0205648243367163,0.0600527769271208,0.00776262669084417
126,7,0.0555555555555556,0.000416421712718009,0.0204064135192348,0.0568737383690694,0.00770299881427588
127,7,0.0551181102362205,0.000410079560316601,0.0202504212380039,0.0538443016255044,0.00764427718196698
128,8,0.0625,0.000457763671875,0.0213954124025456,0.0971273790991141,-0.0565415973862712
129,8,0.062015503875969,0.000450926985697509,0.0212350414574003,0.0925105175019289,0.00749557625382254
130,8,0.0615384615384615,0.00044424214838416,0.0210770526493663,0.0880806197214869,0.00744000468993209
131,8,0.0610687022900763,0.000437704701455591,0.0209213933918272,0.0838322751287739,0.00738524783937559
132,8,0.0606060606060606,0.000431310348665721,0.0207680126315861,0.0797600814094188,0.00733128799638127
133,8,0.0601503759398496,0.000425054948978529,0.0206168607934993,0.0758586571040877,0.00727810796190081
134,8,0.0597014925373134,0.000418934509896497,0.0204678897274853,0.0721226531893199,0.00722569102571758
135,8,0.0592592592592593,0.000412945181120764,0.0203210526577922,0.06854676372803,0.00717402094930498
136,8,0.0588235294117647,0.000407083248524323,0.0201763041344128,0.0651257356213707,0.0071230819493944
137,8,0.0583941605839416,0.000401345128420719,0.0200335999865406,0.0618543774943715,0.00707285868222178
138,8,0.0579710144927536,0.000395727362111845,0.0198928972779695,0.058727567749728,0.00702333622841848
139,8,0.0575539568345324,0.000390226610699433,0.0197541542643423,0.0557402618244645,0.00697450007851886
140,9,0.0642857142857143,0.00042966472303207,0.0207283555313023,0.0972638141856502,-0.0493162731202568
141,9,0.0638297872340425,0.00042379819500496,0.0205863594402935,0.0928261826356055,0.00685033073628902
142,9,0.0633802816901408,0.000418050856218445,0.0204462919919101,0.0885600050317942,0.0068038959870325
143,9,0.0629370629370629,0.000412419503817616,0.0203081142358816,0.0844606253493646,0.00675808386592272
144,9,0.0625,0.000406901041666667,0.020171788261497,0.0805233853110636,0.00671288199392499
145,9,0.0620689655172414,0.000401492476116282,0.0200372771632346,0.0767436348743086,0.00666827831616365
146,9,0.0616438356164384,0.000396190911965287,0.0199045450077435,0.0731167419919666,0.00662426109145302
147,9,0.0612244897959184,0.000390993548606448,0.0197735568021145,0.0696381016654135,0.00658081888222299
148,9,0.0608108108108108,0.000385897676346909,0.0196442784633824,0.0663031443088684,0.00653794054483241
149,9,0.0604026845637584,0.000380900672894292,0.019516676789205,0.0631073434463344,0.0064956152202426
150,9,0.06,0.000376,0.0193907194296653,0.0600462227630121,0.00645383232504626
151,9,0.0596026490066225,0.000371193200251761,0.0192663748601485,0.0571153625342934,0.00641258154282907
152,10,0.0657894736842105,0.00040435012392477,0.0201084590141754,0.0969457530425391,-0.0437074519799106
153,10,0.065359477124183,0.000399265463230303,0.019981628142629,0.0926822182839364,0.00630733918779895
154,10,0.0649350649350649,0.000394275988811324,0.0198563840819854,0.0885767026457065,0.00626796073621235
155,10,0.0645161290322581,0.000389379342754523,0.0197326973005345,0.0846251438439441,0.00622906874384452
156,10,0.0641025641025641,0.000384573239602825,0.0196105389931747,0.0808234717553336,0.00619065429826129
157,10,0.0636942675159236,0.000379855463704035,0.0194898810592583,0.0771676172263074,0.00615270870211147
158,10,0.0632911392405063,0.000375223866671805,0.019370696081241,0.0736535203218676,0.00611522346672784
159,10,0.0628930817610063,0.00037067636495352,0.0192529573041006,0.0702771380258293,0.00607819030594505
160,10,0.0625,0.0003662109375,0.0191366386154936,0.0670344514046301,0.00604160113014056
161,10,0.062111801242236,0.00036182562353218,0.0190217145266188,0.0639214722482398,0.00600544804048011
162,10,0.0617283950617284,0.000357518520400195,0.0189081601537589,0.060934249203494,0.00596972332336295
163,10,0.0613496932515337,0.00035328778153053,0.0187959512004722,0.0580688734145175,0.00593441944505741
164,11,0.0670731707317073,0.000381550978656723,0.0195333299428623,0.0962825668911798,-0.039230722325544
165,11,0.0666666666666667,0.000377104377104377,0.0194191755001178,0.0921864585708051,0.00584408511392698
166,11,0.0662650602409639,0.000372734952001357,0.0193063448638358,0.0882366398333044,0.00581026914769919
167,11,0.0658682634730539,0.000368440930180229,0.0191948151900514,0.0844295242243823,0.0057768404413638
168,11,0.0654761904761905,0.000364220589029263,0.0190845641561253,0.0807615147627127,0.00574379241657268
169,11,0.0650887573964497,0.00036007225477536,0.0189755699459953,0.0772290113830615,0.00571111864218406
170,11,0.0647058823529412,0.000355994300834521,0.0188678112359256,0.0738284179397282,0.00567881283020039
171,11,0.064327485380117,0.000351985146226829,0.0187612671807325,0.0705561487772849,0.00564686883183751
172,11,0.063953488372093,0.000348043254053102,0.0186559174004685,0.0674086348766526,0.00561528063371911
173,11,0.0635838150289017,0.000344167130030475,0.0185517419675478,0.0643823295858891,0.00558404235419927
174,11,0.0632183908045977,0.000340355321084338,0.0184487213942955,0.061473713945287,0.00555314823979741
175,12,0.0685714285714286,0.000364967930029154,0.0191041338466091,0.0994311480549737,-0.0355261721560924
176,12,0.0681818181818182,0.00036098328324568,0.0189995600803198,0.0953559634113027,0.00547388157604881
177,12,0.0677966101694915,0.000357063445305184,0.0188961224939188,0.0914199314140024,0.00544420954820461
178,12,0.0674157303370786,0.000353207020450545,0.0187938027139412,0.0876198714311339,0.00541485587905617
179,12,0.0670391061452514,0.000349412650237414,0.0186925827599456,0.0839525846284089,0.00538581550186126
180,12,0.0666666666666667,0.000345679012345679,0.0185924450340906,0.0804148606528398,0.00535708345609518
181,12,0.0662983425414365,0.000342004819434778,0.018493372311041,0.0770034839621006,0.00532865488470774
182,12,0.0659340659340659,0.000338388818041034,0.0183953477281902,0.0737152398028185,0.00530052503145858
183,12,0.0655737704918033,0.000334829787515255,0.0182983547761883,0.0705469198422873,0.00527268923833751
184,12,0.0652173913043478,0.000331326538998931,0.0182023772897644,0.0674953274592569,0.00524514294305927
185,12,0.0648648648648649,0.000327877914437447,0.0181073994388329,0.0645572826997571,0.00521788167663699
186,12,0.0645161290322581,0.000324482785628769,0.0180134057198734,0.0617296269052106,0.0051909010610271
187,13,0.0695187165775401,0.000345913714561239,0.0185987557261565,0.0981411330594786,-0.0324952435639234
188,13,0.0691489361702128,0.000342379578706067,0.0185035017957701,0.0942279424555471,0.00512152166461612
189,13,0.0687830687830688,0.000338899249903981,0.0184092164391639,0.0904444461687763,0.00509554124656468
190,13,0.068421052631579,0.000335471643096661,0.0183158849935421,0.0867877829961579,0.00506982173468226
191,13,0.0680628272251309,0.000332095700393994,0.0182234930898002,0.0832550745073577,0.00504435924196599
192,13,0.0677083333333333,0.00032877039026331,0.0181320266452294,0.079843430747667,0.00501914995769482
193,13,0.0673575129533679,0.000325494706746657,0.0180414718564383,0.0765499556545117,0.00499419014558509
194,13,0.0670103092783505,0.000322267668705002,0.0179518151924813,0.0733717521896041,0.00496947614199604
195,13,0.0666666666666667,0.000319088319088319,0.0178630433881889,0.0703059271897919,0.00494500435418721
196,13,0.0663265306122449,0.00031595572423055,0.0177751434376927,0.0673495959399316,0.00492077125862592
197,13,0.065989847715736,0.000312868973168477,0.0176881025881375,0.0644998864728646,0.00489677339934245
198,13,0.0656565656565657,0.00030982717698359,0.0176019083335754,0.0617539436005255,0.00487300738633022
199,14,0.0703517587939698,0.000328655220244045,0.0181288504942824,0.0967058735898199,-0.0299366495223677
200,14,0.07,0.0003255,0.0180416185526687,0.0929461794990865,0.00481177456018183
201,14,0.0696517412935323,0.000322389931484135,0.0179552201736469,0.089307765862902,0.00478883747428952
202,14,0.0693069306930693,0.000319324158668195,0.0178696434958338,0.0857880384469167,0.0047661168721656
203,14,0.0689655172413793,0.000316301845679844,0.0177848768812113,0.0823843871478378,0.00474360972239122
204,14,0.0686274509803922,0.000313322176236892,0.0177009089099089,0.0790941908920839,0.00472131304946512
205,14,0.0682926829268293,0.000310384353099926,0.0176177283751319,0.0759148222996597,0.00469922393253397
206,14,0.0679611650485437,0.000307487597542662,0.0175353242782294,0.0728436521148286,0.00467733950415324
207,14,0.0676328502415459,0.000304631148839374,0.017453685823899,0.0698780534051057,0.00465565694908305
208,14,0.0673076923076923,0.000301814263768776,0.0173728024155222,0.0670154055314258,0.00463417350311429
209,14,0.0669856459330144,0.000299036216133738,0.0172926636506276,0.0642530978924986,0.00461288645193045
210,15,0.0714285714285714,0.000315840621963071,0.0177719054117185,0.0988924356847631,-0.0277135883038777
211,15,0.0710900473933649,0.000312968021587555,0.0176909022264992,0.0951620454609538,0.00455793474828648
212,15,0.0707547169811321,0.000310134372670056,0.0176106323756433,0.0915477541166053,0.00453735201450971
213,15,0.0704225352112676,0.000307338975331856,0.0175310859712642,0.0880472120429687,0.00451695332015077
214,15,0.0700934579439252,0.000304581145314899,0.0174522533019349,0.0846580508535048,0.00449673622378385
215,15,0.0697674418604651,0.000301860213566101,0.0173741248287821,0.0813778878128451,0.00447669832664109
216,15,0.0694444444444444,0.000299175525834477,0.017296691181682,0.078204330071001,0.00445683727169717
217,15,0.0691244239631336,0.000296526442280639,0.0172199431555577,0.0751349787027579,0.00443715074277282
218,15,0.0688073394495413,0.000293912337098243,0.0171438717067716,0.0721674325531898,0.0044176364636598
219,15,0.0684931506849315,0.000291332598146953,0.0170684679496126,0.0692992918904032,0.00439829219727312
220,15,0.0681818181818182,0.000288786626596544,0.0169937231528745,0.0665281618676499,0.00437911574481919
221,15,0.0678733031674208,0.000286273836581738,0.0169196287365219,0.0638516557969242,0.00436010494498821
222,16,0.0720720720720721,0.000301250849095992,0.0173565794180763,0.0971239718887427,-0.0258250750272815
223,16,0.0717488789237668,0.000298659091017711,0.0172817560166122,0.0935383145235064,0.00431095319313091
224,16,0.0714285714285714,0.000296100583090379,0.0172075734224898,0.0900617858606959,0.00429253798346676
225,16,0.0711111111111111,0.00029357475994513,0.0171340234605048,0.0866922273105842,0.00427427855044804
226,16,0.0707964601769911,0.000291081068156632,0.0170610980935177,0.083427463643611,0.00425617293890562
227,16,0.0704845814977974,0.000288618965942193,0.0169887894195611,0.080265306834727,0.00423821922599438
228,16,0.0701754385964912,0.000286187922869655,0.0169170896690198,0.0772035597444522,0.00422041552053328
229,16,0.0698689956331878,0.000283787419573788,0.0168459912018791,0.0742400196362828,0.00420275996236345
230,16,0.0695652173913043,0.000281416947480891,0.0167754865050433,0.0713724815316424,0.00418525072172009
231,16,0.0692640692640693,0.000279076008541348,0.0167055681897189,0.0685987414023728,0.00416788599862075
232,16,0.0689655172413793,0.000276764114969864,0.0166362289888623,0.065916599202945,0.0041506640222659
233,17,0.0729613733905579,0.000290291894349878,0.0170379545236474,0.098859616334589,-0.0241476319575811
234,17,0.0726495726495727,0.000287912872835073,0.0169679955455874,0.0953060408754635,0.00410606672079953
235,17,0.0723404255319149,0.00028556292921607,0.0168986073158728,0.0918572713285505,0.00408935926038863
236,17,0.0720338983050847,0.000283241592373125,0.0168297828973854,0.0885113320662329,0.00407278642558853
237,17,0.0717299578059072,0.000280948400671181,0.0167615154646345,0.0852662293296653,0.00405634660691173
238,17,0.0714285714285714,0.000278682901732121,0.0166937983015287,0.0821199547218897,0.00404003822021367
239,17,0.0711297071129707,0.000276444652213363,0.0166266247991997,0.079070488563574,0.00402385970620011
240,17,0.0708333333333333,0.000274233217592593,0.0165599884538786,0.0761158031101635,0.00400780952994848
241,17,0.0705394190871369,0.000272048171958449,0.0164938828648214,0.0732538656306653,0.00399188618043509
242,17,0.0702479338842975,0.000269889097806962,0.0164283017322839,0.0704826413480533,0.00397608817007972
243,17,0.0699588477366255,0.000267755585843577,0.0163632388555438,0.0678000962424634,0.0039604140342938
244,17,0.069672131147541,0.000265647234790577,0.0162986881309686,0.0652041997177283,0.0039448623310458
245,18,0.073469387755102,0.000277843415583643,0.0166686356845317,0.0968741373194618,-0.0226979957276525
246,18,0.0731707317073171,0.0002756779501168,0.0166035523342687,0.0934560163007814,0.00390453972926838
247,18,0.0728744939271255,0.000273537660170003,0.0165389739757339,0.0901368408905465,0.00388943023966825
248,18,0.0725806451612903,0.000271422157698634,0.0164748947704874,0.0869147767259044,0.00387443654851254
249,18,0.072289156626506,0.000269331062091303,0.0164113089694669,0.0837879735887357,0.00385955733899292
250,18,0.072,0.000267264,0.0163482109112893,0.0807545684673841,0.00384479131402026
251,18,0.0717131474103586,0.000265220605174736,0.0162855950205922,0.0778126885005562,0.00383013719586557
252,18,0.0714285714285714,0.000263200518302559,0.0162234558064106,0.0749604538030502,0.00381559372580171
253,18,0.0711462450592885,0.000261203386850799,0.0161617878605926,0.0721959801732176,0.00380115966375328
254,18,0.0708661417322835,0.000259228864914423,0.0161005858562483,0.0695173816816247,0.00378683378795977
255,18,0.0705882352941176,0.000257276613067372,0.0160398445462346,0.06692277314278,0.00377261489463826
256,19,0.07421875,0.000268399715423584,0.016382909247859,0.0982629131253744,-0.0213882809546881
257,19,0.0739299610894942,0.000266398139855253,0.0163217076268157,0.0948776490597253,0.00373569920442078
258,19,0.0736434108527132,0.000264418832909658,0.0162609603932135,0.0915876844446726,0.00372186752704653
259,19,0.0733590733590734,0.000262461466080971,0.016200662519816,0.0883913255174481,0.00370813727722066
260,19,0.0730769230769231,0.000260525716886664,0.0161408090530389,0.0852868619093765,0.00369450735140326
261,19,0.0727969348659004,0.000258611268735748,0.0160813951116111,0.0822725694434084,0.00368097666186638
262,19,0.0725190839694656,0.000256717810800364,0.0160224158852641,0.0793467128308171,0.0036675441364144
263,19,0.0722433460076046,0.000254845037890609,0.015963866633451,0.0765075482659583,0.00365420871811221
264,19,0.071969696969697,0.000252992650332526,0.0159057426840914,0.0737533259196934,0.00364096936501482
265,19,0.0716981132075472,0.000251160353849151,0.0158480394323446,0.0710822923299998,0.00362782504990798
266,19,0.0714285714285714,0.00024934785944453,0.0157907523394083,0.0684926926911922,0.00361477476004943
267,20,0.0749063670411985,0.000259533345385347,0.0161100386525094,0.0994902003676368,-0.0202198290643982
268,20,0.0746268656716418,0.000257677972356972,0.0160523509915829,0.0961394576349791,0.00358085180121776
269,20,0.0743494423791822,0.000255842389580249,0.0159950739160608,0.092880590106338,0.00356814248281286
270,20,0.0740740740740741,0.000254026317126454,0.0159382030708124,0.0897120285453098,0.00355552250316753
271,20,0.0738007380073801,0.000252229479988731,0.0158817341618833,0.0866321867080042,0.00354299093054774
272,20,0.0735294117647059,0.000250451607978832,0.0158256629554288,0.0836394639027524,0.0035305468460155
273,20,0.0732600732600733,0.000248692435626381,0.0157699852766698,0.0807322474633621,0.0035181893432119
274,20,0.072992700729927,0.000246951702080578,0.0157146970088697,0.0779089151346666,0.00350591752814537
275,20,0.0727272727272727,0.000245229151014275,0.0156597940923332,0.0751678373698711,0.00349373051898221
276,20,0.072463768115942,0.000243524530530366,0.0156052725234251,0.0725073795393558,0.00348162744584496
277,20,0.0722021660649819,0.000241837593070421,0.015551128353609,0.0699259040506732,0.00346960745061166
278,20,0.0719424460431655,0.00024016809532551,0.0154973576885064,0.0674217723801319,0.00345766968671883
279,21,0.0752688172043011,0.00024947463211816,0.0157947659722504,0.0972567125691332,-0.0191909027152773
280,21,0.075,0.000247767857142857,0.0157406434793136,0.0940303760138236,0.00342660936109644
281,21,0.0747330960854092,0.000246078506885759,0.0156868896498241,0.0908912377437454,0.00341497026853532
282,21,0.074468085106383,0.000244406345414792,0.0156335007408703,0.0878378220957054,0.00340340948050216
283,21,0.0742049469964664,0.000242751140769322,0.0155804730598696,0.0848686386034786,0.00339192621535493
284,21,0.073943661971831,0.000241112664880375,0.0155278029637285,0.0819821842695761,0.0033805197017253
285,21,0.0736842105263158,0.000239490693492735,0.0154754868580195,0.079176945761084,0.00336918917835213
286,21,0.0734265734265734,0.00023788500608883,0.0154235211961741,0.0764514015283871,0.00335793389392027
287,21,0.0731707317073171,0.0002362953858144,0.0153719024786915,0.0738040238472659,0.00334675310689777
288,21,0.0729166666666667,0.000234721619405864,0.0153206272523635,0.071233280783228,0.0033356460853817
289,21,0.0726643598615917,0.000233163497119366,0.0152696921095144,0.0687376380783724,0.00332461210694129
290,22,0.0758620689655172,0.000241748329164787,0.0155482580749352,0.0982429411481258,-0.0182430636729884
291,22,0.0756013745704467,0.000240157411455346,0.0154970129849383,0.0950502031293636,0.0032958733865824
292,22,0.0753424657534247,0.000238582118519242,0.0154461036678912,0.0919417344040625,0.003285105142299
293,22,0.0750853242320819,0.000237022246815853,0.0153955268443744,0.0889161581780936,0.00327440658202495
294,22,0.0748299319727891,0.000235477596101146,0.0153452792773917,0.0859720827139296,0.00326377703671278
295,22,0.0745762711864407,0.000233947969363956,0.0152953577716887,0.083108103420467,0.00325321584577186
296,22,0.0743243243243243,0.000232433172763706,0.015245759173085,0.0803228048768596,0.00324272235693875
297,22,0.0740740740740741,0.000230933015569504,0.0151964803678189,0.0776147627891885,0.00323229592614591
298,22,0.0738255033557047,0.000229447310100609,0.0151475182819038,0.0749825458799724,0.00322193591739587
299,22,0.0735785953177258,0.000227975871668214,0.0150988698804982,0.0724247177094979,0.00321164170263725
300,22,0.0733333333333333,0.000226518518518519,0.0150505321672863,0.0699398384290867,0.00320141266164076
301,23,0.0764119601328904,0.000234462367048305,0.0153121640223812,0.0991101604165778,-0.0173835617363503
302,23,0.076158940397351,0.00023297601389041,0.015263551811109,0.0959517910215237,0.00317474468018546
303,23,0.0759075907590759,0.000231503724172371,0.0152152464381084,0.0928749279334495,0.00316475310585531
304,23,0.0756578947368421,0.000230045321384313,0.0151672450162946,0.0898782830615968,0.00315482381498854
305,23,0.0754098360655738,0.000228600631770941,0.0151195446945648,0.0869605533927719,0.00314495623157481
306,23,0.0751633986928105,0.000227169484280249,0.0150721426572418,0.0841204229172471,0.00313514978661836
307,23,0.0749185667752443,0.000225751710513315,0.0150250361235278,0.0813565644969183,0.00312540391802986
308,23,0.0746753246753247,0.000224347144675193,0.0149782223469674,0.0786676416746155,0.00311571807052636
309,23,0.0744336569579288,0.000222955623526855,0.0149316986149217,0.0760523104242948,0.00310609169552721
310,23,0.0741935483870968,0.000221576986338156,0.0148854622480511,0.0735092208413282,0.00309652425105628
311,23,0.0739549839228296,0.000220211074841812,0.0148395105998079,0.0710370187729278,0.00308701520164217
312,24,0.0769230769230769,0.000227583067819754,0.0150858565490911,0.0998690753958961,-0.0166006788179611
313,24,0.0766773162939297,0.000226191391245656,0.0150396606093906,0.0967456025950718,0.00306220197375755
314,24,0.0764331210191083,0.000224812417294225,0.014993745939365,0.0937010272041138,0.00305290599423126
315,24,0.0761904761904762,0.000223445992153475,0.0149481099859974,0.0907341409782706,0.00304366590925114
316,24,0.0759493670886076,0.000222091964327366,0.014902750226967,0.0878437208922816,0.00303448122022566
317,24,0.0757097791798107,0.00022075018459418,0.0148576641701911,0.0850285309181184,0.00302535143441867
318,24,0.0754716981132075,0.000219420505965775,0.0148128493533748,0.0822873237521847,0.00301627606486371
319,24,0.0752351097178683,0.000218102783647676,0.0147683033435692,0.0796188424905952,0.00300725463028115
320,24,0.075,0.000216796875,0.0147240237367372,0.0770218222526662,0.00299828665499738
321,24,0.0747663551401869,0.000215502639499185,0.0146800081573269,0.0744949917508874,0.00298937166886271
322,24,0.0745341614906832,0.000214219938700509,0.0146362542578526,0.0720370748082275,0.00298050920717309
323,24,0.0743034055727554,0.000212948636201381,0.014592759718483,0.0696467918217384,0.00297169881059324
324,25,0.0771604938271605,0.00021977392598614,0.0148247740618918,0.0974410023888433,-0.0158992779902276
325,25,0.0769230769230769,0.000218479745106964,0.0147810603512388,0.0944291882671981,0.00294869321248842
326,25,0.0766871165644172,0.000217196940851082,0.0147376029547237,0.0914926694985901,0.00294007300439944
327,25,0.0764525993883792,0.000215925380535594,0.0146943996316826,0.0886302953898916,0.00293150271274507
328,25,0.0762195121951219,0.000214664933402011,0.0146514481674001,0.085840902342945,0.00292298190869415
329,25,0.0759878419452888,0.000213415470582938,0.0146087463727364,0.0831233154535888,0.00291451016826595
330,25,0.0757575757575758,0.000212176865069427,0.0145662920837606,0.0804763500656839,0.00290608707226122
331,25,0.0755287009063444,0.000210948991678986,0.0145240831613905,0.0778988132781221,0.00289771220619737
332,25,0.0753012048192771,0.000209731727024224,0.0144821174910378,0.075389505405518,0.00288938516024096
333,25,0.0750750750750751,0.000208524949482123,0.0144403929822607,0.0729472213913799,0.0028811055291465
334,25,0.0748502994011976,0.000207328539163918,0.0143989075684205,0.0705707521737389,0.00287287291219052
335,26,0.0776119402985075,0.000213696498571965,0.0146183616924731,0.0980463924361625,-0.0152410259604609
336,26,0.0773809523809524,0.000212479585088004,0.0145766794945901,0.0950676417928113,0.00285135904829005
337,26,0.0771513353115727,0.000211273017125264,0.014535233645362,0.0921619185846458,0.00284329838242401
338,26,0.0769230769230769,0.000210076677987465,0.014494022146646,0.0893281377195079,0.00283528285279025
339,26,0.0766961651917404,0.000208890452615403,0.0144530430226788,0.086565201376031,0.00282731208443381
340,26,0.0764705882352941,0.000207714227559536,0.0144122943197652,0.0838720004865884,0.00281938570650008
341,26,0.0762463343108504,0.000206547890953104,0.0143717741059726,0.0812474161802786,0.0028115033521788
342,26,0.0760233918128655,0.000205391332485769,0.0143314804708296,0.0786903211847524,0.00280366465865037
343,26,0.075801749271137,0.000204244443377763,0.0142914115250301,0.0761995811859301,0.00279586926703227
344,26,0.0755813953488372,0.000203107116354535,0.0142515654001424,0.073774056146063,0.00278811682232718
345,26,0.0753623188405797,0.000201979245621886,0.0142119402483224,0.071412601578921,0.00278040697336898
346,27,0.0780346820809249,0.000207934307726745,0.0144199274522012,0.0985693291007588,-0.0146346804338241
347,27,0.0778097982708934,0.000206787992979643,0.0143801249292085,0.095623803168931,0.00276024433025946
348,27,0.0775862068965517,0.000205651113206774,0.0143405408965901,0.092749153954821,0.00275269045388972
349,27,0.0773638968481375,0.00020452356536564,0.0143011735660274,0.0899443560300122,0.00274517752479697
350,27,0.0771428571428571,0.000203405247813411,0.0142620211685936,0.0872083714704921,0.00273770521370371
351,27,0.0769230769230769,0.000202296060284226,0.0142230819544931,0.0845401512343978,0.00273027319481628
352,27,0.0767045454545455,0.000201195903866923,0.0141843541928042,0.0819386365042186,0.00272288114578247
353,27,0.0764872521246459,0.000200104680983192,0.0141458361712269,0.0794027599918054,0.00271552874764412
354,27,0.076271186440678,0.000199022295366128,0.0141075261958335,0.0769314472066017,0.00270821568479341
355,27,0.076056338028169,0.000197948652039194,0.0140694225908242,0.0745236176855954,0.00270094164493186
356,27,0.0758426966292135,0.000196883657295569,0.0140315236982863,0.0721781861856744,0.00269370631902435
357,28,0.0784313725490196,0.000202464684451251,0.0142290085547536,0.0990166237773415,-0.0140743700195183
358,28,0.0782122905027933,0.00020138303943324,0.0141909492083243,0.0961043677833623,0.00267477149112881
359,28,0.0779944289693593,0.000200310022337334,0.0141530923242002,0.0932609469310717,0.00266767807906164
360,28,0.0777777777777778,0.000199245541838134,0.0141154362964144,0.0904853902017775,0.00266062192792607
361,28,0.0775623268698061,0.000198189507812597,0.0140779795358779,0.0877767143575664,0.00265360274737441
362,28,0.0773480662983425,0.000197141831321132,0.0140407204701586,0.0851339252231015,0.00264662025003653
363,28,0.0771349862258953,0.000196102424589053,0.0140036575432654,0.082556018935623,0.00263967415148279
364,28,0.0769230769230769,0.000195071200988361,0.0139667892154339,0.0800419831621457,0.00263276417018613
365,28,0.0767123287671233,0.000194048075019858,0.0139301139629171,0.0775907982830041,0.00262589002748618
366,28,0.0765027322404372,0.000193032962295588,0.0138936302777779,0.0752014385417437,0.00261905144755297
367,28,0.0762942779291553,0.000192025779521592,0.0138573366676859,0.0728728731608068,0.00261224815735208
368,29,0.078804347826087,0.000197266909211392,0.0140451738761537,0.0993944298963844,-0.0135550728810595
369,29,0.0785907859078591,0.000196244645740499,0.0140087346231021,0.0965153936489692,0.00259443232052313
370,29,0.0783783783783784,0.000195230292381498,0.0139724834006521,0.0937032526555508,0.00258775852532949
371,29,0.078167115902965,0.000194223767909373,0.0139364187619838,0.0909570856443894,0.00258111873417028
372,29,0.0779569892473118,0.000193224992136576,0.0139005392750273,0.088275959430861,0.00257451269004267
373,29,0.0777479892761394,0.000192233885897203,0.0138648435222762,0.0856589301122176,0.00256794013849973
374,29,0.0775401069518717,0.000191250371031454,0.0138293301006034,0.0831050442335406,0.00256140082762007
375,29,0.0773333333333333,0.00019027437037037,0.0137939976210804,0.080613339924106,0.00255489450797616
376,29,0.0771276595744681,0.000189305807720833,0.0137588447087985,0.0781828480037076,0.00254842093260374
377,29,0.0769230769230769,0.000188344607850831,0.0137238700026935,0.0758125930589209,0.00254197985697275
378,29,0.0767195767195767,0.000187390696474989,0.0136890721553723,0.0735015944877385,0.00253557103895726
379,30,0.079155672823219,0.000192322037686339,0.013868022125968,0.099708318285022,-0.0130724689419898
380,30,0.0789473684210526,0.000191354424843272,0.0138330916588907,0.096862373207898,0.002518777858879
381,30,0.078740157480315,0.000190394081575565,0.0137983361886702,0.0940814783039521,0.00251248752466718
382,30,0.0785340314136126,0.000189440935401933,0.0137637544079344,0.0913647578977909,0.00250622830629365
383,30,0.0783289817232376,0.000188494914740048,0.0137293450222524,0.0887113247283836,0.00249999997544933
384,30,0.078125,0.000187555948893229,0.0136951067499757,0.0861202810641044,0.0024938023060295
385,30,0.0779220779220779,0.00018662396803736,0.0136610383220808,0.0835907197918021,0.00248763507410727
386,30,0.077720207253886,0.000185698903208029,0.0136271384820155,0.0811217254795871,0.00248149805790852
387,30,0.0775193798449612,0.000184780686287891,0.0135934059855465,0.0787123754120177,0.00247539103778535
388,30,0.077319587628866,0.000183869249994248,0.0135598396006091,0.0763617405981215,0.00246931379619246
389,30,0.077120822622108,0.000182964527866831,0.01352643810716,0.0740688867517836,0.00246326611766099
390,31,0.0794871794871795,0.000187612737908596,0.0136971799253933,0.0999633426102187,-0.0126228218308881
391,31,0.0792838874680307,0.000186695531089482,0.0136636573101597,0.0971502958734897,0.00244741000819921
392,31,0.0790816326530612,0.000185785020484662,0.0136302978868645,0.0944005426883913,0.002441471015997
393,31,0.0788804071246819,0.000184881141212535,0.0135971004707818,0.0917132492708942,0.00243556056941623
394,31,0.0786802030456853,0.000183983829173541,0.0135640638885822,0.0890875705919645,0.00242967846494759
395,31,0.0784810126582278,0.000183093021038904,0.0135311869781961,0.0865226514196528,0.00242382450098999
396,31,0.0782828282828283,0.000182208654239569,0.0134984685886796,0.0840176273379289,0.00241799847783006
397,31,0.0780856423173804,0.000181330666955321,0.0134659075800824,0.0815716257414105,0.002412200197619
398,31,0.0778894472361809,0.000180458998104078,0.0134335028233175,0.0791837668057943,0.00240642946435261
399,31,0.0776942355889724,0.000179593587331373,0.0134012532000322,0.0768531644331733,0.00240068608384899
400,31,0.0775,0.000178734375,0.0133691576024819,0.074578927172337,0.00239496986372762
401,31,0.0773067331670823,0.00017788130217984,0.0133372149334049,0.072360159112963,0.00238928061339002
402,32,0.0796019900497512,0.000182252520472315,0.0135000933505037,0.0973837026325807,-0.0122123260299885
403,32,0.0794044665012407,0.000181388082384352,0.0134680392925011,0.0946649284448053,0.00237435824852752
404,32,0.0792079207920792,0.000180529767514542,0.0134361366290516,0.0920069785851918,0.00236876821908535
405,32,0.0790123456790123,0.000179677518294599,0.0134043842937525,0.0894090469481608,0.00236320425846406
406,32,0.0788177339901478,0.000178831277829572,0.0133727812301545,0.0868703175066866,0.00235766618633672
407,32,0.0786240786240786,0.000177990989888436,0.0133413263916462,0.08438996526623,0.00235215382401754
408,32,0.0784313725490196,0.000177156598894844,0.0133100187413408,0.0819671571977776,0.00234666699444331
409,32,0.078239608801956,0.000176328049918027,0.0132788572519636,0.0796010531479717,0.00234120552215607
410,32,0.0780487804878049,0.000175505288663833,0.0132478409057413,0.0772908067268691,0.00233576923328408
411,32,0.0778588807785888,0.000174688261465923,0.0132169686942931,0.0750355661729756,0.00233035795552625
412,32,0.0776699029126214,0.0001738769152771,0.0131862396185228,0.0728344751943579,0.00232497151813123
413,33,0.0799031476997579,0.000178011222003459,0.0133420846198583,0.0975667338265884,-0.01181875999861
414,33,0.0797101449275362,0.000177189463099438,0.0133112532505185,0.0948787278226001,0.00231083599139664
415,33,0.0795180722891566,0.000176373369803791,0.0132805636101707,0.0922499849431622,0.00230554101632368
416,33,0.0793269230769231,0.000175562890269401,0.013250014727139,0.0896797350335201,0.00230027007349887
417,33,0.079136690647482,0.000174757973239441,0.0132196056385749,0.087167198307248,0.00229502300113513
418,33,0.0789473684210526,0.000173958568039338,0.0131893353903575,0.084711586241089,0.00228979963887948
419,33,0.0787589498806683,0.000173164624568885,0.013159203036996,0.0823121024508011,0.00228459982779517
420,33,0.0785714285714286,0.000172376093294461,0.0131292076415319,0.0799679435458295,0.00227942341034831
421,33,0.0783847980997625,0.000171592925241382,0.0130993482754442,0.0776782999642239,0.00227427023039135
422,33,0.0781990521327014,0.000170815071986371,0.0130696240185543,0.0754423567862059,0.00226914013314864
423,33,0.0780141843971631,0.000170042485650138,0.0130400339589335,0.0732592945265193,0.00226403296520119
424,34,0.080188679245283,0.000173958620203255,0.013189337367861,0.0977031710634882,-0.01144961810665
425,34,0.08,0.000173176470588235,0.0131596531332796,0.0950456829477177,0.00225062364799023
426,34,0.07981220657277,0.000172399573367971,0.0131301018034123,0.0924459663126605,0.00224560097200221
427,34,0.0796252927400468,0.000171627881723908,0.0131006824907677,0.0899032842772532,0.00224060049838444
428,34,0.0794392523364486,0.000170861349356716,0.0130713943157077,0.0874168906227668,0.00223562208156911
429,34,0.0792540792540792,0.000170099930479411,0.0130422364063611,0.084986030633741,0.00223066557724352
430,34,0.0790697674418605,0.000169343579810583,0.0130132078985384,0.0826099419203728,0.00222573084233703
431,34,0.0788863109048724,0.000168592252567731,0.012984307935648,0.0802878552231969,0.00222081773500884
432,34,0.0787037037037037,0.000167845904460702,0.0129555356686129,0.0780189951984354,0.00221592611463373
433,34,0.0785219399538106,0.000167104491685221,0.0129268902557893,0.0758025811843041,0.00221105584179004
434,34,0.0783410138248848,0.00016636797091653,0.0128983708628854,0.0736378279479668,0.00220620677824689
435,35,0.0804597701149425,0.000170082748294237,0.0130415776765787,0.0977964740657204,-0.0111027055444236
436,35,0.0802752293577982,0.000169337424104016,0.0130129713787442,0.095169221300412,0.00219346911423931
437,35,0.080091533180778,0.000168596978246065,0.0129844899108923,0.0925983136069238,0.00218869826290417
438,35,0.0799086757990868,0.000167861368335898,0.0129561324605724,0.0900830449605131,0.0021839479651916
439,35,0.0797266514806378,0.000167130552447204,0.0129278982223409,0.0876227002943731,0.00217921808976864
440,35,0.0795454545454545,0.000166404489105935,0.0128997863976864,0.0852165562905051,0.00217450850640863
441,35,0.0793650793650794,0.000165683137284476,0.0128717961949557,0.0828638821534199,0.00216981908597526
442,35,0.0791855203619909,0.000164966456395909,0.0128439268292804,0.0805639403676126,0.00216514970041498
443,35,0.0790067720090293,0.000164254406288358,0.0128161775225048,0.0783159874379681,0.00216050022274395
444,35,0.0788288288288288,0.000163546947239423,0.0127885475031148,0.0761192746118236,0.00215587052703687
445,35,0.0786516853932584,0.000162844039950693,0.0127610360061671,0.0739730485841252,0.00215126048841735
446,36,0.0807174887892377,0.00016637259146367,0.0128985499752364,0.0978498131420902,-0.01077608189514
447,36,0.0805369127516778,0.000165661562496882,0.0128709581032992,0.0952524870462916,0.0021391452519999
448,36,0.0803571428571429,0.000164955072430758,0.0128434836563433,0.0927101408459199,0.00213460775300022
449,36,0.0801781737193764,0.000164253082802677,0.0128161258889993,0.0902220971857897,0.00213008931813921
450,36,0.08,0.000163555555555556,0.0127888840621673,0.0877876699628753,0.00212558982862228
451,36,0.0798226164079823,0.000162862453032741,0.012761757442952,0.0854061650709372,0.0021211091666295
452,36,0.079646017699115,0.000162173737972981,0.012734745304598,0.0830768811295064,0.00211664721530543
453,36,0.0794701986754967,0.000161489373505461,0.0127078469264255,0.0807991101984206,0.00211220385874797
454,36,0.079295154185022,0.000160809323144924,0.0126810615937675,0.0785721384750706,0.00210777898199945
455,36,0.0791208791208791,0.000160133550786854,0.0126543885979076,0.0763952469771778,0.00210337247103917
456,36,0.0789473684210526,0.000159462020702726,0.0126278272360183,0.074267712207744,0.00209898421276917
457,37,0.0809628008752735,0.000162817999452307,0.0127600156525103,0.0978660978668666,-0.0104680254188858
458,37,0.0807860262008734,0.000162138961073243,0.0127333797977302,0.0952983687605614,0.00208744687353615
459,37,0.0806100217864924,0.000161464152884692,0.0127068545629787,0.0927843119016502,0.00208312601782432
460,37,0.0804347826086956,0.000160793539903016,0.0126804392630152,0.0903232766210941,0.00207882287725872
461,37,0.0802603036876356,0.000160127087504564,0.0126541332182242,0.0879146037932931,0.00207453734412173
462,37,0.0800865800865801,0.000159464761421247,0.0126279357545581,0.0855576265379622,0.0020702693115596
463,37,0.0799136069114471,0.000158806527736177,0.0126018462034805,0.0832516709078855,0.00206601867356967
464,37,0.0797413793103448,0.000158152352879372,0.0125758639019104,0.0809960565627468,0.00206178532499494
465,37,0.0795698924731183,0.000157502203623515,0.0125499881921664,0.0787900974280183,0.00205756916151473
466,37,0.0793991416309013,0.00015685604707978,0.0125242184219128,0.0766331023395636,0.00205337007963616
467,37,0.0792291220556745,0.000156213850693708,0.0124985539441052,0.0745243756725502,0.0020491879766871
468,38,0.0811965811965812,0.000159409607689248,0.0126257517672909,0.0978480024653789,-0.0101770031760871
469,38,0.0810234541577825,0.000158760456362738,0.0126000181096195,0.0953095240144581,0.00203818815273025
470,38,0.0808510638297872,0.000158115253845487,0.0125743888060409,0.0928234642600187,0.00203406878907381
471,38,0.0806794055201698,0.000157473968248581,0.0125488632253516,0.0903891974171854,0.00202996591588337
472,38,0.0805084745762712,0.000156836568003545,0.0125234407414075,0.0880060895310809,0.0020258794352582
473,38,0.080338266384778,0.000156203021858491,0.0124981207330739,0.0856734991393414,0.00202180925006241
474,38,0.080168776371308,0.000155573298874336,0.0124729025841757,0.0833907779215305,0.00201775526391694
475,38,0.08,0.000154947368421053,0.012447785683448,0.0811572713354364,0.00201371738119262
476,38,0.0798319327731092,0.00015432520017399,0.0124227694244878,0.0789723192403691,0.00200969550700299
477,38,0.079664570230608,0.000153706764110232,0.0123978532057059,0.0768352565062774,0.00200568954719753
478,38,0.0794979079497908,0.000153092030505015,0.0123730364302792,0.0747454136093255,0.00200169940835361
479,39,0.081419624217119,0.000156138766199295,0.0124955498558205,0.0977979883337809,-0.00990164590815198
480,39,0.08125,0.000155517578125,0.0124706687120218,0.0952884012217856,0.00199120039419825
481,39,0.0810810810810811,0.000154900081854063,0.0124458861417764,0.0928300301731799,0.00198726875179443
482,39,0.0809128630705394,0.000154286248257817,0.012421201562563,0.09042227264626,0.00198335248549511
483,39,0.0807453416149068,0.000153676048493579,0.0123966143964221,0.0880645182101747,0.00197945150612304
484,39,0.0805785123966942,0.000153069454001302,0.0123721240699122,0.0857561491710387,0.00197556572518064
485,39,0.0804123711340206,0.000152466436500258,0.0123477300140657,0.0834965411857577,0.00197169505484469
486,39,0.0802469135802469,0.000151866967985785,0.0123234316643451,0.0812850638638659,0.00196783940795919
487,39,0.080082135523614,0.000151271020726061,0.0122992284606011,0.0791210813569455,0.00196399869802933
488,39,0.0799180327868853,0.000150678567258934,0.0122751198470293,0.0770039529355471,0.00196017283921552
489,39,0.0797546012269939,0.000150089580388787,0.012251105272129,0.0749330335531326,0.00195636174632824
490,40,0.0816326530612245,0.000152997475541654,0.0123692148312516,0.0977183240576191,-0.00964072681599089
491,40,0.0814663951120163,0.000152402487941892,0.012345140256064,0.0952372590915759,0.00194633010388944
492,40,0.0813008130081301,0.000151810956935665,0.0123211589120368,0.0928062555249979,0.00194257363867489
493,40,0.0811359026369168,0.000151222855862494,0.0122972702606104,0.0904247325621686,0.00193883153337639
494,40,0.0809716599190283,0.000150638158317785,0.0122734737673482,0.0880921017924751,0.00193510370658946
495,40,0.0808080808080808,0.00015005683814989,0.0122497689018973,0.0858077677832963,0.00193139007751663
496,40,0.0806451612903226,0.000149478869457219,0.0122261551379499,0.0835711286599593,0.00192769056596131
497,40,0.0804828973843058,0.000148904226585379,0.012202631953205,0.081381576675979,0.00192400509232253
498,40,0.0803212851405622,0.000148332884124359,0.0121791988293302,0.0792384987714857,0.00192033357759073
499,40,0.0801603206412826,0.00014776481690575,0.0121558552519249,0.0771412771190297,0.00191667594334016
500,40,0.08,0.0001472,0.0121326007104825,0.0750892896590584,0.00191303211172547
501,41,0.0818363273453094,0.00014997832908571,0.0122465639705882,0.097611103243983,-0.00939314354978303
502,41,0.0816733067729084,0.000149407923772284,0.0122232534037499,0.0951581839818521,0.00190343731468592
503,41,0.0815109343936382,0.000148840759379551,0.0122000311220731,0.092754216687596,0.00189984457572977
504,41,0.0813492063492064,0.000148276811459446,0.0121768966267865,0.0903986409427669,0.00189626526809817
505,41,0.0811881188118812,0.000147716055793404,0.0121538494228538,0.0880908889819341,0.00189269931733108
506,41,0.0810276679841897,0.00014715846838979,0.012130889018938,0.0858303862530537,0.00188914664951118
507,41,0.0808678500986193,0.000146604025481354,0.0121080149273675,0.0836165519676408,0.00188560719125871
508,41,0.0807086614173228,0.00014605270352273,0.0120852266641023,0.0814487996404606,0.00188208086972731
509,41,0.0805500982318271,0.000145504479187957,0.0120625237487002,0.0793265376191704,0.00187856761259902
510,41,0.0803921568627451,0.000144959329368041,0.0120399057042836,0.0772491696021587,0.00187506734807939
511,42,0.0821917808219178,0.000147624837548414,0.0121500961950272,0.0999518343596834,-0.00915210579301936
512,42,0.08203125,0.000147074460983276,0.0121274259834178,0.0974782604383507,0.00186584626537361
513,42,0.0818713450292398,0.000146527149887608,0.012104839936472,0.0950531054108058,0.00186239412853339
514,42,0.0817120622568093,0.000145982881592507,0.0120823375880873,0.0926758356099349,0.00185895464151753
515,42,0.0815533980582524,0.000145441633637679,0.0120599184755818,0.0903459097415042,0.00185552773559414
516,42,0.0813953488372093,0.000144903383769144,0.0120375821396634,0.0880627794243028,0.00185211334252221
517,42,0.0812379110251451,0.000144368109936974,0.012015328124399,0.0858258897211453,0.00184871139454818
518,42,0.0810810810810811,0.000143835790293058,0.0119931559771838,0.0836346796603342,0.00184532182439943
519,42,0.0809248554913295,0.000143306403188896,0.011971065248711,0.0814885827478853,0.00184194456528318
520,42,0.0807692307692308,0.000142779927173418,0.0119490554929425,0.0793870274694179,0.00183857955087992
521,42,0.0806142034548944,0.000142256340990839,0.0119271262670787,0.0773294377826432,0.00183522671533994
522,43,0.0823754789272031,0.000144807968196776,0.0120336182504173,0.0997667355538519,-0.00892855336263933
523,43,0.0822179732313576,0.000144279499252553,0.0120116401566378,0.0973215853582733,0.00182639114206056
524,43,0.0820610687022901,0.000143753911652153,0.0119897419343434,0.0949238099477724,0.00182308344312705
525,43,0.0819047619047619,0.000143231184537307,0.0119679231505432,0.0925728933499247,0.00181978760841806
526,43,0.0817490494296578,0.000142711297237652,0.0119461833753569,0.090268312245124,0.00181650357483502
527,43,0.0815939278937381,0.000142194229268709,0.0119245221819874,0.0880095364790327,0.0018132312797208
528,43,0.0814393939393939,0.000141679960329883,0.0119029391466933,0.0857960295661533,0.00180997066085514
529,43,0.0812854442344045,0.000141168470302495,0.0118814338487615,0.0836272491847287,0.00180672165645226
530,43,0.0811320754716981,0.000140659739247835,0.0118600058704806,0.0815026476628626,0.00180348420515591
531,43,0.0809792843691149,0.000140153747405237,0.0118386547971143,0.079421672455697,0.00180025824603554
532,43,0.0808270676691729,0.00013965047519018,0.0118173802168746,0.0773837666123515,0.00179704371858435
533,44,0.0825515947467167,0.000142095363886474,0.0119203759960193,0.0995598874707189,-0.00871561862735121
534,44,0.0823970037453183,0.000141587523444031,0.0118990555694152,0.0971427356471238,0.00178856997558289
535,44,0.0822429906542056,0.0001410823946588,0.0118778110213456,0.094771953674751,0.00178539783646062
536,44,0.082089552238806,0.000140579958306042,0.0118566419489686,0.0924470422294545,0.00178223683968356
537,44,0.0819366852886406,0.000140080195330635,0.0118355479522764,0.0901674949098712,0.00177908692722191
538,44,0.0817843866171004,0.000139583086845288,0.0118145286340712,0.0879327987241093,0.00177594804144176
539,44,0.0816326530612245,0.000139088614128776,0.0117935835999401,0.0857424345680308,0.00177282012510398
540,44,0.0814814814814815,0.000138596758624193,0.0117727124582313,0.0835958776949671,0.00176970312136017
541,44,0.0813308687615527,0.000138107501937234,0.0117519148200297,0.0814925981783028,0.00176659697374922
542,44,0.0811808118081181,0.000137620825834489,0.0117311902991337,0.0794320613641426,0.00176350162619396
543,44,0.0810313075506446,0.000137136712241763,0.0117105385120311,0.0774137283158852,0.00176041702299833
544,45,0.0827205882352941,0.000139481420068568,0.0118102252336087,0.0993328252189175,-0.00851256511177679
545,45,0.0825688073394495,0.000138993026410992,0.0117895303727923,0.0969432483221437,0.00175228333135852
546,45,0.0824175824175824,0.0001385071877766,0.0117689076713432,0.0945990733863331,0.00174923858686661
547,45,0.0822669104204753,0.000138023886417449,0.0117483567539231,0.0922998167727428,0.00174620432023116
548,45,0.0821167883211679,0.000137543104739023,0.0117278772477811,0.090044988025776,0.0017431804779905
549,45,0.0819672131147541,0.000137064825298642,0.0117074687827319,0.087834090336017,0.00174016700704249
550,45,0.0818181818181818,0.000136589030803907,0.0116871309911332,0.0856666209937956,0.00173716385463927
551,45,0.0816696914700544,0.000136115704111144,0.0116668635078647,0.083542071836499,0.0017341709683869
552,45,0.0815217391304348,0.000135644828223884,0.011646665970306,0.0814599296881409,0.00173118829624073
553,45,0.081374321880651,0.000135176386291348,0.011626538018316,0.079419676790043,0.00172821578650293
554,45,0.0812274368231047,0.000134710361606955,0.0116064792942113,0.0774207912243162,0.00172525338782069
555,46,0.0828828828828829,0.000136960920014244,0.0117030303773956,0.099086972595106,-0.00831872273553655
556,46,0.0827338129496403,0.000136490879756213,0.0116829311286258,0.0967245500684154,0.0017174396820025
557,46,0.0825852782764812,0.000136023249710013,0.0116629005701846,0.0944065966716376,0.00171451480973264
558,46,0.0824372759856631,0.00013555801346546,0.0116429383518706,0.0921326435644482,0.00171159980262882
559,46,0.0822898032200358,0.00013509515475142,0.0116230441258484,0.0899022153408812,0.00170869461135722
560,46,0.0821428571428571,0.000134634657434402,0.0116032175466291,0.0877148304690424,0.00170579918690969
561,46,0.0819964349376114,0.000134176505517172,0.0115834582710507,0.0855700017230703,0.00170291348059902
562,46,0.0818505338078292,0.000133720683137371,0.0115637659582582,0.0834672366088335,0.00170003744405721
563,46,0.0817051509769094,0.000133267174566163,0.011544140269685,0.0814060377818093,0.00169717102923302
564,46,0.0815602836879433,0.000132815964206889,0.0115245808690333,0.0793859034574306,0.00169431418838876
565,46,0.0814159292035398,0.000132367036593742,0.0115050874222555,0.0774063278145545,0.00169146687409851
566,47,0.0830388692579505,0.000134529002562388,0.0115986638265961,0.0988236515258248,-0.0081334805122423
567,47,0.0828924162257496,0.00013407630257144,0.0115791322028656,0.0964879665121705,0.00168395463670744
568,47,0.0827464788732394,0.00013362587871007,0.0115596660293484,0.0941958510074919,0.00168114269500058
569,47,0.0826010544815466,0.00013317771578222,0.0115402649788564,0.091946850151485,0.00167834005261737
570,47,0.0824561403508772,0.000132731798718094,0.0115209287263699,0.0897405027599304,0.00167554666396237
571,47,0.0823117338003503,0.000132288112572908,0.0115016569490186,0.0875763417429773,0.0016727624837339
572,47,0.0821678321678322,0.000131846642525649,0.0114824493260649,0.0854538945166068,0.00166998746692111
573,47,0.0820244328097731,0.00013140737387785,0.0114633055388858,0.0833726834078181,0.00166722156880371
574,47,0.0818815331010453,0.000130970292052383,0.0114442252709558,0.0813322260526833,0.00166446474494751
575,47,0.0817391304347826,0.000130535382592258,0.0114252082078296,0.0793320357876701,0.00166171695120341
576,47,0.0815972222222222,0.000130102631159444,0.0114062540371256,0.0773716220335997,0.00165897814370398
577,48,0.0831889081455806,0.000132181132941294,0.0114970053901568,0.0985440905776384,-0.00795628018943147
578,48,0.0830449826989619,0.000131744833127147,0.0114780152085257,0.0962347305870884,0.00165175025901533
579,48,0.0829015544041451,0.000131310685114891,0.0114590874468646,0.0939680719700064,0.00164904483198467
580,48,0.0827586206896552,0.000130878674812415,0.0114402217990918,0.0917436730897317,0.00164634818089173
581,48,0.0826161790017212,0.000130448788242473,0.0114214179611147,0.0895610862186418,0.00164366026352969
582,48,0.0824742268041237,0.000130021011541556,0.0114026756308139,0.0874198579353928,0.00164098103796148
583,48,0.0823327615780446,0.000129595330958795,0.0113839945080273,0.0853195295183224,0.00163831046251154
584,48,0.0821917808219178,0.000129171732854862,0.0113653742945344,0.0832596373306276,0.00163564849576977
585,48,0.0820512820512821,0.000128750203700894,0.0113468146940405,0.0812397132001713,0.00163299509658546
586,48,0.0819112627986348,0.000128330730077419,0.0113283154121617,0.0792592847930836,0.00163035022406596
587,48,0.0817717206132879,0.000127913298673305,0.0113098761564089,0.0773178759790161,0.00162771383757693
588,49,0.0833333333333333,0.000129913076341648,0.011397941759004,0.0982494326411081,-0.00778661069115865
589,49,0.0831918505942275,0.000129492303207021,0.0113794684940475,0.0959659900960584,0.00162075446138188
590,49,0.0830508474576271,0.000129073566430842,0.0113610548115412,0.0937244106645236,0.00161814961006501
591,49,0.0829103214890017,0.000128656852926552,0.0113427004247909,0.0915242652334597,0.00161555304984604
592,49,0.0827702702702703,0.000128242149712258,0.0113244050489312,0.0893651188224537,0.00161296474160083
593,49,0.0826306913996627,0.000127829443909741,0.0113061684009102,0.087246530962863,0.00161038464644684
594,49,0.0824915824915825,0.000127418722743463,0.0112879901994759,0.085168056071856,0.00160781272574345
595,49,0.0823529411764706,0.000127009973539589,0.0112698701651611,0.0831292438209702,0.00160524894108838
596,49,0.0822147651006711,0.000126603183725021,0.0112518080202704,0.0811296394980314,0.00160269325431702
597,49,0.0820770519262982,0.000126198340826442,0.0112338034888653,0.0791687843629664,0.00160014562749946
598,49,0.0819397993311037,0.000125795432469368,0.011215856296751,0.0772462159980209,0.00159760602294001
599,50,0.0834724540901502,0.000127720873953786,0.0113013660215828,0.0979407418790277,-0.00762400324767138
600,50,0.0833333333333333,0.000127314814814815,0.0112833866731055,0.0956828145560982,0.00159090046663101
601,50,0.0831946755407654,0.000126910684696227,0.0112654642468132,0.093465940457237,0.00158839068548607
602,50,0.0830564784053156,0.000126508471428942,0.0112475984738495,0.0912897023446517,0.00158588874566317
603,50,0.0829187396351575,0.000126108162939427,0.0112297890870411,0.0891536773275224,0.00158339461084346
604,50,0.0827814569536424,0.000125709747248799,0.0112120358208846,0.0870574372248873,0.00158090824492751
605,50,0.0826446280991736,0.000125313212471939,0.0111943384115337,0.0850005489219844,0.00157842961203613
606,50,0.0825082508250825,0.000124918546816614,0.0111766965967863,0.0829825747221482,0.00157595867650889
607,50,0.0823723228995058,0.000124525738582612,0.0111591101160716,0.08100307269225,0.00157349540289977
608,50,0.0822368421052632,0.000124134776160884,0.0111415787104379,0.0790615970029843,0.0015710397559784
609,51,0.083743842364532,0.00012599476392538,0.0112247389245978,0.099892489104258,-0.00746395249013767
610,51,0.0836065573770492,0.00012560082121411,0.0112071772188232,0.097619010020126,0.0015645536072149
611,51,0.0834697217675941,0.000125208719010858,0.011189670192229,0.0953862014025701,0.00156212632783352
612,51,0.0833333333333333,0.000124818445896877,0.0111722175908312,0.0931936630832428,0.00155970650591396
613,51,0.0831973898858075,0.000124429990541593,0.0111548191622093,0.0910409890970812,0.00155729410749143
614,51,0.0830618892508143,0.000124043341701791,0.0111374746554949,0.0889277680326749,0.00155488909880428
615,51,0.0829268292682927,0.000123658488220813,0.0111201838213589,0.0868535833786722,0.00155249144629211
616,51,0.0827922077922078,0.000123275419027759,0.0111029464120007,0.0848180138646264,0.00155010111659634
617,51,0.0826580226904376,0.000122894123136701,0.0110857621811358,0.0828206337962081,0.00154771807655507
618,51,0.0825242718446602,0.000122514589645904,0.0110686308839849,0.0808610133864158,0.00154534229320565
619,51,0.0823909531502423,0.000122136807737055,0.011051552277262,0.0789387190796286,0.00154297373378059
620,52,0.0838709677419355,0.000123930045987043,0.0111323872546298,0.099533145200981,-0.00731435506431771
621,52,0.0837359098228663,0.000123549448033822,0.0111152799350183,0.0972851620679736,0.00153671617956827
622,52,0.0836012861736334,0.000123170596661974,0.0110982249329329,0.0950770816233018,0.0015343744993505
623,52,0.0834670947030498,0.00012279348122774,0.0110812220096765,0.0929085141971505,0.0015320398855783
624,52,0.0833333333333333,0.000122418091168091,0.0110642709279957,0.0907790645371283,0.00152971230664128
625,52,0.0832,0.000122044416,0.0110473714520695,0.0886883321436948,0.00152739173111374
626,52,0.0830670926517572,0.000121672445319715,0.0110305233474987,0.0866359116003885,0.00152507812775573
627,52,0.0829346092503987,0.000121302168802045,0.0110137263812955,0.084621392899861,0.00152277146550964
628,52,0.0828025477707006,0.000120933576199652,0.0109969803218725,0.0826443617647506,0.00152047171350018
629,52,0.082670906200318,0.000120566657342347,0.0109802849390326,0.0807043999633432,0.00151817884103225
630,52,0.0825396825396825,0.000120201402136398,0.0109636400039585,0.078801085620602,0.00151589281758978
631,53,0.0839936608557845,0.000121931419638396,0.0110422560936792,0.0991629579286181,-0.00717061940125551
632,53,0.0838607594936709,0.000121563500808252,0.011025583921419,0.0969400614880257,0.00150985198303849
633,53,0.0837282780410742,0.000121197240912087,0.011008961845337,0.094756324881161,0.00150759145278863
634,53,0.083596214511041,0.000120832630016506,0.0109923896408609,0.0926113684244169,0.00150533762483143
635,53,0.0834645669291339,0.000120469658262151,0.0109758670847524,0.0905048070573791,0.00150309046970965
636,53,0.0833333333333333,0.000120108315863033,0.0109593939550977,0.088436250663479,0.00150084995813673
637,53,0.0832025117739403,0.000119748593105883,0.0109429700312979,0.0864053043858349,0.00149861606099366
638,53,0.0830721003134796,0.000119390480349509,0.0109265950940588,0.0844115689388669,0.00149638874933129
639,53,0.0829420970266041,0.000119033968024153,0.0109102689253818,0.0824546409157069,0.00149416799436522
640,53,0.0828125,0.000118679046630859,0.0108939913085544,0.0805341130893889,0.001491953767477
641,53,0.0826833073322933,0.000118325706740853,0.0108777620281404,0.0786495747114254,0.0014897460402125
642,54,0.0841121495327103,0.000119995787902955,0.0109542588933691,0.0987827263834315,-0.00703240841551528
643,54,0.0839813374805599,0.000119639926027272,0.0109380037496461,0.0965845149253986,0.00148391085888884
644,54,0.0838509316770186,0.000119285641201731,0.0109217966105275,0.0944247441770399,0.00148172733247642
645,54,0.0837209302325581,0.000118932924145044,0.0109056372645088,0.0923030439638982,0.00147955016879902
646,54,0.0835913312693498,0.000118581765643913,0.0108895255013207,0.0902190389322542,0.00147737934037315
647,54,0.0834621329211747,0.000118232156552431,0.0108734611119197,0.0881723488554525,0.0014752148198706
648,54,0.0833333333333333,0.000117884087791495,0.0108574438884802,0.0861625889369427,0.00147305658011914
649,54,0.0832049306625578,0.000117537550348223,0.0108414736243844,0.0841893701078598,0.00147090459409944
650,54,0.0830769230769231,0.000117192535275376,0.0108255501142148,0.082252299321184,0.00146875883494554
651,54,0.0829493087557604,0.000116849033690786,0.0108096731537446,0.0803509798409936,0.00146661927594285
652,54,0.0828220858895705,0.000116507036776796,0.0107938425399297,0.0784850115270461,0.00146448589052741
653,55,0.0842266462480858,0.000118120242434741,0.0108683136886428,0.0983931971025136,-0.00689941032932468
654,55,0.0840978593272171,0.000117775855326906,0.0108524584922913,0.0962192765036424,0.00145884603680885
655,55,0.083969465648855,0.000117432968683207,0.0108366493291611,0.094083100102213,0.00145673564579728
656,55,0.0838414634146342,0.000117091573821839,0.0108208859998541,0.0919843067879103,0.00145463130051745
657,55,0.0837138508371385,0.000116751662123525,0.0108051683061174,0.0899225304603636,0.00145253297529601
658,55,0.0835866261398176,0.000116413225030973,0.0107894960508345,0.0878974003234127,0.00145044064460323
659,55,0.0834597875569044,0.000116076254048347,0.0107738690380173,0.0859085411740273,0.00144835428305206
660,55,0.0833333333333333,0.000115740740740741,0.0107582870727984,0.083955573688082,0.00144627386539658
661,55,0.0832072617246596,0.000115406676733651,0.0107427499614229,0.0820381147018821,0.00144419936653094
662,55,0.0830815709969789,0.000115074053712466,0.0107272575112405,0.0801557774891704,0.00144213076148894
663,55,0.0829562594268477,0.000114742863421951,0.0107118095306979,0.0783081720339384,0.00144006802544258
664,56,0.0843373493975904,0.000116302049539426,0.0107843427958975,0.0979950680185622,-0.00677133634534207
665,56,0.0842105263157895,0.00011596859183971,0.0107688714283211,0.0958450517465655,0.00143461385354988
666,56,0.0840840840840841,0.000115636562894632,0.0107534442340411,0.0937321047206236,0.00143257298433403
667,56,0.0839580209895052,0.000115305954574259,0.0107380610248899,0.0916558744789806,0.00143053786455757
668,56,0.0838323353293413,0.000114976758806243,0.0107227216137622,0.089616003752395,0.00142850847021194
669,56,0.0837070254110613,0.000114648967575326,0.0107074258146076,0.0876121307444337,0.00142648477741974
670,56,0.0835820895522388,0.000114322572922866,0.0106921734424235,0.0856438894098232,0.00142446676243577
671,56,0.0834575260804769,0.000113997566946354,0.0106769643132472,0.0837109097277927,0.00142245440164347
672,56,0.0833333333333333,0.000113673941798942,0.0106617982441491,0.0818128179717963,0.00142044767155568
673,56,0.0832095096582467,0.000113351689688976,0.0106466750532256,0.079949236974879,0.00141844654881395
674,57,0.0845697329376855,0.000114863046303463,0.010717417893479,0.0997522371466351,-0.00664459466450451
675,57,0.0844444444444444,0.000114538637402835,0.0107022725345057,0.0975889920712026,0.00141315372077438
676,57,0.0843195266272189,0.000114215597716835,0.0106871697711244,0.0954625011595562,0.00141117349914186
677,57,0.0841949778434269,0.000113893919570712,0.0106721094246035,0.0933724251165949,0.00140919877230389
678,57,0.084070796460177,0.000113573595343257,0.0106570913172055,0.0913184197408079,0.00140722951766107
679,57,0.0839469808541973,0.000113254617466366,0.01064211527218,0.0893001361976741,0.00140526571273642
680,57,0.0838235294117647,0.000112936978424588,0.0106271811137567,0.0873172212889014,0.0014033073351741
681,57,0.0837004405286344,0.000112620670754694,0.0106122886671394,0.0853693177188706,0.00140135436273872
682,57,0.0835777126099707,0.000112305687045243,0.0105974377584982,0.0834560643565786,0.00139940677331474
683,57,0.0834553440702782,0.000111992019936149,0.0105826282149638,0.0815770964944741,0.00139746454490562
684,57,0.0833333333333333,0.000111679662118259,0.0105678598646206,0.0797320461034288,0.00139552765563274
685,58,0.0846715328467153,0.000113141991784092,0.0106368224477093,0.0993150292196142,-0.0065256905345199
686,58,0.0845481049562682,0.000112827584408997,0.0106220329696813,0.0971755805059358,0.0013904037696074
687,58,0.0844250363901019,0.000112514482708343,0.0106072844172457,0.0950722435062194,0.00138848678757976
688,58,0.0843023255813953,0.000112202679481052,0.0105925766214388,0.0930046866431782,0.00138657503922233
689,58,0.0841799709724238,0.00011189216757548,0.0105779094142217,0.0909725736119382,0.00138466850335801
690,58,0.0840579710144927,0.000111582939889014,0.0105632826284737,0.0889755636425759,0.0013827671589204
691,58,0.0839363241678727,0.000111274989367668,0.0105486960979861,0.0870133117581875,0.00138087098495561
692,58,0.0838150289017341,0.000110968309005687,0.0105341496574563,0.0850854690300666,0.00137897996062088
693,58,0.0836940836940837,0.000110662891845154,0.0105196431424813,0.083191682829586,0.00137709406518379
694,58,0.0835734870317003,0.000110358730975594,0.0105051763895517,0.0813315970764095,0.00137521327802165
695,58,0.0834532374100719,0.000110055819533597,0.0104907492360459,0.0795048524830756,0.00137333757862097
696,59,0.0847701149425287,0.000111471469188447,0.0105580049814559,0.0988714413503547,-0.00641095730121029
697,59,0.084648493543759,0.000111166608442656,0.010543557674839,0.0967554058947835,0.00136837467327173
698,59,0.0845272206303725,0.000110862993700397,0.0105291497140271,0.0946748588082747,0.00136651794927604
699,59,0.0844062947067239,0.000110560618198291,0.010514780939149,0.0926294758977389,0.00136466621411367
700,59,0.0842857142857143,0.000110259475218659,0.0105004511911945,0.090618928415007,0.00136281944791733
701,59,0.0841654778887304,0.000109959558089147,0.0104861603120087,0.0886428833070951,0.00136097763092317
702,59,0.084045584045584,0.000109660860182366,0.0104719081442861,0.0867010034651332,0.00135914074347102
703,59,0.0839260312944523,0.000109363374915526,0.0104576945315651,0.0847929479686609,0.00135730876600343
704,59,0.0838068181818182,0.000109067095750082,0.0104435193182223,0.082918372328114,0.00135548167906484
705,59,0.0836879432624113,0.000108772016191374,0.010429382349467,0.0810769287220603,0.0013536594633007
706,59,0.0835694050991501,0.000108478129788278,0.0104152834713357,0.0792682662328219,0.0013518420994571
707,60,0.0848656294200849,0.000109849298957875,0.0104809016290525,0.0984220019935427,-0.00630017972121521
708,60,0.0847457627118644,0.000109553557082272,0.0104667835117706,0.0963290049019925,0.00134703270592509
709,60,0.0846262341325811,0.000109259005118644,0.0104527032445509,0.0942708910952015,0.00134523344290778
710,60,0.0845070422535211,0.000108965636708567,0.0104386606759951,0.0922473434525088,0.00134343893892197
711,60,0.0843881856540084,0.000108673445535911,0.0104246556555078,0.0902580404622592,0.00134164917531117
712,60,0.0842696629213483,0.000108382425326504,0.0104106880332908,0.0883026564630305,0.001339864133515
713,60,0.0841514726507714,0.000108092569847795,0.0103967576603379,0.0863808618822336,0.00133808379506885
714,60,0.0840336134453782,0.000107803872908531,0.0103828643884301,0.0844923234710419,0.00133630814160224
715,60,0.0839160839160839,0.000107516328358423,0.0103690080701301,0.082636704536791,0.00133453715484014
716,60,0.0837988826815642,0.000107229930087829,0.0103551885587771,0.0808136651715542,0.00133277081660006
717,60,0.0836820083682008,0.000106944672027427,0.0103414057084821,0.0790228624780044,0.0013310091087935
718,61,0.084958217270195,0.000108273424217918,0.0104054516585258,0.0979672063816952,-0.00619315708609832
719,61,0.0848400556328234,0.000107986398599503,0.0103916504271219,0.095896880822721,0.00132634621320047
720,61,0.0847222222222222,0.000107700510116598,0.0103778856284215,0.0938608509302512,0.00132460178456985
721,61,0.0846047156726768,0.000107415752785884,0.0103641571189308,0.0918588063621665,0.00132286189906841
722,61,0.0844875346260388,0.000107132120663231,0.010350464755905,0.0898904325436986,0.00132112653915894
723,61,0.0843706777316736,0.000106849607843391,0.0103368083973435,0.0879554108988726,0.00131939568739497
724,61,0.0842541436464088,0.000106568208459695,0.0103231879019853,0.0860534190796771,0.00131766932641682
725,61,0.0841379310344828,0.000106287916683751,0.0103096031293038,0.0841841311922501,0.00131594743895374
726,61,0.0840220385674931,0.000106008726725146,0.0102960539395025,0.0823472180197012,0.00131423000782233
727,61,0.0839064649243466,0.00010573063283115,0.0102825401935101,0.0805423472423723,0.00131251701592489
728,62,0.0851648351648352,0.000107021684088162,0.0103451285196541,0.0995895561071406,-0.00608685450931533
729,62,0.0850480109739369,0.000106741902336508,0.0103315972790517,0.0975075188618665,0.00130798187540954
730,62,0.0849315068493151,0.00010646321368989,0.0103181012637932,0.0954595059134164,0.00130628545557536
731,62,0.0848153214774282,0.000106185612476209,0.0103046403370622,0.093445217729038,0.00130459339241277
732,62,0.0846994535519126,0.00010590909306,0.0102912143627465,0.0914643504697213,0.00130290566934027
733,62,0.0845839017735334,0.000105633649842154,0.0102778232054338,0.0895165962152742,0.00130122226985888
734,62,0.0844686648501362,0.000105359277259634,0.0102644667304071,0.0876016431876068,0.00129954317755175
735,62,0.0843537414965986,0.000105085969785202,0.0102511448036403,0.0857191759701666,0.00129786837608475
736,62,0.0842391304347826,0.000104813721927139,0.010237857291794,0.0838688757259694,0.00129619784920471
737,62,0.0841248303934871,0.000104542528228974,0.0102246040622106,0.0820504204118474,0.00129453158073895
738,62,0.0840108401084011,0.000104272383269216,0.0102113849829108,0.0802634849897105,0.00129286955459599
739,63,0.0852503382949932,0.000105524652389151,0.0102725192815176,0.0991028898680626,-0.0059868762865266
740,63,0.0851351351351351,0.000105252897163051,0.0102592834624573,0.0970433750447671,0.00128846865092545
741,63,0.0850202429149798,0.000104982187867284,0.0102460815860154,0.0950173235348097,0.00128682246574307
742,63,0.0849056603773585,0.000104712519155314,0.0102329135223217,0.0930244418946407,0.00128518044514637
743,63,0.0847913862718708,0.000104443885714623,0.0102197791421646,0.0910644325289794,0.0012835425735208
744,63,0.0846774193548387,0.000104176282266456,0.0102066783169872,0.0891369939071898,0.00128190883532959
745,63,0.0845637583892618,0.000103909703565563,0.0101936109188826,0.0872418207777312,0.00128027921511158
746,63,0.0844504021447721,0.000103644144399944,0.0101805768205905,0.0853786043799722,0.00127865369748277
747,63,0.0843373493975904,0.000103379599590601,0.0101675758954926,0.0835470326530466,0.00127703226713358
748,63,0.0842245989304813,0.000103116063991285,0.0101546080176088,0.0817467904425068,0.00127541490883017
749,63,0.0841121495327103,0.000102853532488247,0.0101416730615933,0.0799775597036286,0.00127380160741288
750,64,0.0853333333333333,0.000104068740740741,0.0102014087625553,0.0986125353454208,-0.00589012292145841
751,64,0.085219707057257,0.000103804671885928,0.0101884577775995,0.0965751837811569,0.00126952906772386
752,64,0.0851063829787234,0.000103541604461439,0.010175539516971,0.0945707501241451,0.00126793091854401
753,64,0.0849933598937583,0.000103279533423278,0.0101626538572992,0.0925989467824858,0.00126633675299081
754,64,0.0848806366047745,0.000103018453759075,0.0101498006758298,0.0906594821604416,0.0012647465563482
755,64,0.0847682119205298,0.000102758360487849,0.0101369798504214,0.0887520608668836,0.00126316031397201
756,64,0.0846560846560847,0.00010249924865977,0.0101241912595412,0.086876383921889,0.00126157801128913
757,64,0.0845442536327609,0.000102241113355932,0.0101114347822617,0.0850321489604677,0.00125999963379607
758,64,0.0844327176781003,0.000101983949688114,0.0100987102982566,0.0832190504333156,0.00125842516706059
759,64,0.0843214756258235,0.00010172775279856,0.0100860176877973,0.0814367798063537,0.00125685459671972
760,64,0.0842105263157895,0.000101472517859746,0.0100733568317491,0.0796850257554345,0.00125528790847949
761,65,0.0854139290407359,0.000102652286158423,0.0101317464515464,0.0981188683827767,-0.00579644112410167
762,65,0.0853018372703412,0.000102395582452291,0.0101190702365529,0.096103328980507,0.00125113819755897
763,65,0.0851900393184797,0.000102139838164345,0.010106425587929,0.0941201770120678,0.0012495860121857
764,65,0.0850785340314136,0.000101885048532041,0.0100938123883913,0.0921691305123992,0.00124803763981362
765,65,0.0849673202614379,0.000101631208822259,0.010081230521234,0.0902499036551571,0.00124649306656181
766,65,0.0848563968668407,0.000101378314331094,0.0100686798703253,0.0883622069535773,0.00124495227861484
767,65,0.0847457627118644,0.000101126360383636,0.0100561603201041,0.0865057474584359,0.00124341526222448
768,65,0.0846354166666667,0.000100875342333758,0.0100436717555762,0.0846802289547742,0.00124188200370662
769,65,0.0845253576072822,0.000100625255563905,0.010031214062311,0.0828853521558336,0.00124035248944415
770,65,0.0844155844155844,0.000100376095484883,0.0100187871264381,0.0811208148936135,0.00123882670588332
771,66,0.0856031128404669,0.000101524280042139,0.0100759257660097,0.0996484561465543,-0.00570314937831293
772,66,0.0854922279792746,0.000101273713645614,0.0100634841702869,0.0976222417627992,0.00123478437731693
773,66,0.0853816300129366,0.000101024071499703,0.0100510731516442,0.0956281712897343,0.0012332725358973
774,66,0.0852713178294574,0.000100775349076337,0.01003869259796,0.0936659720989731,0.00123176435962728
775,66,0.0851612903225806,0.000100527541875063,0.0100263423976574,0.0917353676406586,0.00123025983533931
776,66,0.0850515463917526,0.00010028064542284,0.0100140224397013,0.0898360776410665,0.00122875894992836
777,66,0.0849420849420849,0.000100034655273844,0.0100017326135947,0.0879678182951594,0.00122726169035183
778,66,0.0848329048843188,9.97895670092634e-05,0.00998947280937605,0.0861303024574063,0.00122576804362691
779,66,0.0847240051347882,9.95453762371099e-05,0.00997724291761556,0.0843232398316186,0.0012242779968335
780,66,0.0846153846153846,9.93020785920194e-05,0.0099650428294122,0.0825463371571234,0.00122279153711142
781,66,0.0845070422535211,9.90596697350611e-05,0.00995287243639047,0.0807992983931401,0.00122130865166051
782,67,0.0856777493606138,0.000100175284686846,0.0100087603971144,0.0991275602923901,-0.00561525942195502
783,67,0.0855683269476373,9.9931530486615e-05,0.00999657593812076,0.0971229867532763,0.00121737942664463
784,67,0.0854591836734694,9.9688662754252e-05,0.00998442100245438,0.0951500496399704,0.00121590990171298
785,67,0.0853503184713376,9.94466772078711e-05,0.0099722954833815,0.0932084814013809,0.00121444388912394
786,67,0.0852417302798982,9.92055695913324e-05,0.00996019927467982,0.0912980107041345,0.00121298137643838
787,67,0.085133418043202,9.89653356740577e-05,0.00994813227063541,0.0894183626218281,0.00121152235127305
788,67,0.0850253807106599,9.87259712508468e-05,0.00993609436603974,0.087569258820742,0.00121006680130317
789,67,0.0849176172370089,9.84874721416955e-05,0.00992408545618665,0.0857504177449264,0.00120861471426199
790,67,0.0848101265822785,9.82498341916157e-05,0.00991210543686939,0.0839615547976853,0.00120716607793801
791,67,0.0847029077117573,9.80130532704561e-05,0.00990015420437763,0.0822023825217116,0.00120572088017736
792,67,0.0845959595959596,9.77771252727252e-05,0.00988823165549459,0.0804726107769317,0.00120427910888254
793,68,0.085750315258512,9.88615368115735e-05,0.00994291389943479,0.0986046887139343,-0.00553003265349437
794,68,0.0856423173803526,9.86243209749063e-05,0.00993097784585719,0.0966214145340086,0.0012004583061187
795,68,0.0855345911949685,9.83879558541864e-05,0.00991907031198924,0.094669282676078,0.00119902934562622
796,68,0.085427135678392,9.8152437397208e-05,0.00990719119615686,0.0927480304828606,0.00119760375304776
797,68,0.0853199498117942,9.79177615757932e-05,0.00989534039716639,0.0908573916487522,0.00119618151662016
798,68,0.0852130325814536,9.76839243856212e-05,0.00988351781430181,0.088997096400951,0.00119476262463594
799,68,0.0851063829787234,9.74509218460604e-05,0.0098717233473219,0.0871668716791156,0.00119334706543839
800,68,0.085,9.721875e-05,0.00985995689645751,0.0853664413131487,0.0011919348274267
801,68,0.0848938826466916,9.69874049136846e-05,0.00984821836240874,0.0835955261991548,0.00119052589905239
802,68,0.084788029925187,9.67568826765494e-05,0.00983650764634224,0.0818538444724406,0.00118912026881884
803,68,0.0846824408468244,9.65271794010567e-05,0.0098248246498885,0.0801411116789857,0.00118771792528309
804,69,0.0858208955223881,9.75816783757754e-05,0.00987834390855954,0.0980801260240423,-0.0054473500116514
805,69,0.0857142857142857,9.73507415388516e-05,0.00986664793832493,0.0961178175159474,0.00118400111829248
806,69,0.0856079404466501,9.71206215621997e-05,0.00985497953129278,0.0941861700785868,0.0011826110655905
807,69,0.0855018587360595,9.68913146081021e-05,0.00984333859054448,0.0922849257756948,0.00118122424418441
808,69,0.0853960396039604,9.66628168612862e-05,0.0098317250196131,0.0904138231509136,0.00117984064294338
809,69,0.0852904820766378,9.64351245287671e-05,0.00982013872248081,0.0885725974014161,0.00117846025078747
810,69,0.0851851851851852,9.62082338396925e-05,0.00980857960357627,0.0867609805527715,0.0011770830566862
811,69,0.0850801479654747,9.59821410451882e-05,0.00979704756777205,0.0849787016285427,0.00117570904965869
812,69,0.0849753694581281,9.57568424182053e-05,0.00978554252038206,0.0832254868216377,0.00117433821877465
813,69,0.0848708487084871,9.5532334253368e-05,0.00977406436715904,0.0815010596602744,0.00117297055315183
814,70,0.085995085995086,9.65601120144764e-05,0.00982650049684405,0.0995262504311957,-0.00536482344654882
815,70,0.0858895705521472,9.63344199049263e-05,0.00981500992892653,0.0975541395054439,0.00116934486709827
816,70,0.0857843137254902,9.61095162305599e-05,0.00980354610488266,0.0956124705604573,0.00116798904197592
817,70,0.0856793145654835,9.5885397333014e-05,0.00979210893183966,0.0937009937866926,0.00116663632940976
818,70,0.0855745721271394,9.56620595750567e-05,0.00978069831735223,0.0918194558058646,0.00116528671881146
819,70,0.0854700854700855,9.54394993404417e-05,0.00976931416940011,0.0899675998411436,0.0011639401996405
820,70,0.0853658536585366,9.52177130337633e-05,0.00975795639638563,0.0881451658872155,0.00116259676140307
821,70,0.0852618757612667,9.49966970803131e-05,0.00974662490713134,0.0863518908765072,0.00116125639365279
822,70,0.0851581508515815,9.47764479259377e-05,0.00973531961087759,0.0845875088452726,0.00115991908598917
823,70,0.0850546780072904,9.45569620368974e-05,0.00972404041728012,0.0828517510971949,0.0011585848280584
824,70,0.0849514563106796,9.43382358997261e-05,0.00971278723640779,0.0811443463638513,0.00115725360955252
825,71,0.0860606060606061,9.53383977516209e-05,0.00976413835172469,0.0989783090419986,-0.00528695976417665
826,71,0.085956416464891,9.51185362389894e-05,0.00975287322992509,0.0970269802343121,0.00115372410691108
827,71,0.0858524788391778,9.48994325469725e-05,0.00974163397726339,0.0951056321077215,0.00115240426044017
828,71,0.0857487922705314,9.46810832061312e-05,0.00973042050510312,0.09321401913081,0.00115108740345244
829,71,0.0856453558504222,9.44634847667995e-05,0.00971923272521033,0.0913518923267982,0.0011497735259147
830,71,0.0855421686746988,9.42466337989496e-05,0.00970807054975136,0.0895189994400133,0.00114846261783841
831,71,0.085439229843562,9.40305268920589e-05,0.00969693389129053,0.0877150850966864,0.00114715466927784
832,71,0.0853365384615385,9.38151606549769e-05,0.00968582266278797,0.0859398909686927,0.00114584967033188
833,71,0.085234093637455,9.36005317157942e-05,0.00967473677759732,0.0841931559316065,0.00114454761114269
834,71,0.0851318944844125,9.33866367217114e-05,0.00966367614946359,0.0824746162241306,0.00114324848189595
835,71,0.0850299401197605,9.31734723389107e-05,0.00965264069252092,0.0807840056021396,0.00114195227281959
836,72,0.0861244019138756,9.41471163981493e-05,0.0097029436975667,0.0984297539686262,-0.00521132057518301
837,72,0.0860215053763441,9.39328625915552e-05,0.00969189674891118,0.0964988841211886,0.00113851517640822
838,72,0.0859188544152745,9.37193375551806e-05,0.00968087483418625,0.0945975452243989,0.00113722989529127
839,72,0.0858164481525626,9.35065379964733e-05,0.0096698778687465,0.0927254958822743,0.00113594748698911
840,72,0.0857142857142857,9.32944606413994e-05,0.0096589057683259,0.0908824913736707,0.00113466794198671
841,72,0.0856123662306778,9.30831022343187e-05,0.00964795844903567,0.0890682838104611,0.00113339125081174
842,72,0.0855106888361045,9.28724595378615e-05,0.00963703582736214,0.087282622295952,0.00113211740403141
843,72,0.0854092526690391,9.26625293328059e-05,0.00962613782016474,0.0855252530808663,0.00113084639225518
844,72,0.0853080568720379,9.24533084179562e-05,0.00961526434467385,0.0837959197170494,0.00112957820613269
845,72,0.085207100591716,9.22447936100227e-05,0.00960441531848882,0.0820943632103062,0.00112831283635376
846,73,0.0862884160756501,9.31947107881863e-05,0.00965374076657263,0.0998208525711376,-0.0051357054488114
847,73,0.0861865407319953,9.2985148676089e-05,0.00964288072497472,0.0978807995311833,0.00112495682870535
848,73,0.0860849056603774,9.27762908936572e-05,0.00963204500060383,0.0959700728742449,0.00112370200150163
849,73,0.0859835100117786,9.2568134296623e-05,0.00962123351221781,0.0940884385715928,0.00112244994550387
850,73,0.0858823529411765,9.23606757581925e-05,0.00961044617893428,0.0922356592282073,0.00112120065164483
851,73,0.0857814336075206,9.21539121689296e-05,0.00959968292022865,0.0904114942373919,0.00111995411089512
852,73,0.0856807511737089,9.19478404366407e-05,0.00958894365593211,0.0886156999361135,0.0011187103142652
853,73,0.0855803048065651,9.17424574862608e-05,0.00957822830622975,0.0868480297561157,0.00111746925280294
854,73,0.085480093676815,9.15377602597399e-05,0.00956753679165855,0.0851082343748912,0.00111623091759548
855,73,0.0853801169590643,9.13337457159308e-05,0.0095568690331055,0.0833960618655306,0.00111499529976739
856,73,0.0852803738317757,9.1130410830477e-05,0.00954622495180566,0.0817112578425709,0.00111376239048224
857,74,0.0863477246207701,9.20557702142191e-05,0.00959456982955563,0.0992514337797067,-0.00506429274336599
858,74,0.0862470862470862,9.18514293251444e-05,0.00958391513553539,0.09733164696248,0.00111049210225277
859,74,0.0861466821885914,9.16477663987069e-05,0.00957328399237727,0.0954407548960089,0.00110926933385551
860,74,0.086046511627907,9.14447784471808e-05,0.00956267632241,0.0935785273078171,0.00110804923114385
861,74,0.0859465737514518,9.12424624992312e-05,0.00955209204830184,0.09174473067524,0.00110683178550687
862,74,0.08584686774942,9.10408155998069e-05,0.00954153109305875,0.0899391283745926,0.00110561698837133
863,74,0.085747392815759,9.08398348100335e-05,0.00953099338002254,0.0881614808304807,0.00110440483119883
864,74,0.0856481481481482,9.06395172071077e-05,0.00952047883286905,0.0864115456624737,0.00110319530548913
865,74,0.0855491329479769,9.04398598841922e-05,0.00950998737560635,0.0846890778312529,0.00110198840277636
866,74,0.0854503464203233,9.02408599503119e-05,0.00949951893257295,0.0829938297825148,0.00110078411463075
867,74,0.0853517877739331,9.00425145302498e-05,0.00948907342843598,0.0813255515891148,0.00109958243265853
868,75,0.0864055299539171,9.09442561604836e-05,0.00953646979549999,0.0986823179137193,-0.00499483615776185
869,75,0.0863060989643268,9.07449438963022e-05,0.00952601406131138,0.096782485231547,0.00109639462115643
870,75,0.0862068965517241,9.05462845271776e-05,0.00951558114500515,0.0949111261121705,0.00109520269853512
871,75,0.0861079219288175,9.03482752123056e-05,0.00950517097228164,0.0930680139230123,0.00109401334136845
872,75,0.0860091743119266,9.01509131262698e-05,0.00949478346916188,0.0912529188913793,0.00109282654147425
873,75,0.0859106529209622,8.99541954589418e-05,0.00948441856198585,0.0894656082505162,0.00109164229070576
874,75,0.085812356979405,8.97581194153824e-05,0.00947407617741077,0.0877058463826286,0.00109046058095006
875,75,0.0857142857142857,8.95626822157434e-05,0.00946375624240943,0.0859733949619502,0.00108928140412797
876,75,0.0856164383561644,8.93678810951706e-05,0.00945345868426845,0.084268013094483,0.00108810475219444
877,75,0.0855188141391106,8.91737133037068e-05,0.00944318343058668,0.0825894574586934,0.00108693061713732
878,75,0.0854214123006834,8.89801761061959e-05,0.00943293040927346,0.0809374824421062,0.00108575899097885
879,76,0.0864618885096701,8.98591926564408e-05,0.00947940887695223,0.0981136753119273,-0.00492725650059734
880,76,0.0863636363636364,8.96647257700977e-05,0.00946914598948066,0.0962334918085674,0.00108265057502953
881,76,0.0862656072644722,8.94708879316277e-05,0.00945890521845037,0.0943813707454083,0.00108148834558712
882,76,0.0861678004535147,8.92776764382291e-05,0.0094486864927475,0.0925570890176814,0.00108032858632957
883,76,0.0860702151755379,8.90850886015567e-05,0.00943848974156124,0.0907604204870915,0.00107917128947938
884,76,0.085972850678733,8.88931217476304e-05,0.00942831489438226,0.0889911361238026,0.00107801644728913
885,76,0.0858757062146893,8.87017732167431e-05,0.00941816188100115,0.0872490041443581,0.00107686405204434
886,76,0.0857787810383747,8.85110403633694e-05,0.00940803063150675,0.0855337901497125,0.00107571409606276
887,76,0.0856820744081172,8.83209205560756e-05,0.00939792107628467,0.0838452572616486,0.00107456657169322
888,76,0.0855855855855856,8.81314111774302e-05,0.00938783314601565,0.0821831662573436,0.00107342147131598
889,77,0.0866141732283465,8.89900542455753e-05,0.00943345399339899,0.0994343757467731,-0.00485957160441177
890,77,0.0865168539325843,8.87996493462833e-05,0.00942335658596677,0.0975456657422973,0.00107038285651074
891,77,0.0864197530864197,8.86098533814837e-05,0.00941328069173993,0.0956848333763283,0.00106924683735821
892,77,0.086322869955157,8.84206637644193e-05,0.00940322624232871,0.0938516620318506,0.00106811320521228
893,77,0.0862262038073908,8.82320779220124e-05,0.00939319316963153,0.0920459320255555,0.00106698195264254
894,77,0.0861297539149888,8.80440932947788e-05,0.00938318140583346,0.0902674207433672,0.00106585307224781
895,77,0.0860335195530726,8.78567073367416e-05,0.00937319088340473,0.0885159027781784,0.00106472655665797
896,77,0.0859375,8.7669917515346e-05,0.00936322153509923,0.0867911500630201,0.00106360239853344
897,77,0.0858416945373467,8.74837213113752e-05,0.00935327329395304,0.0850929320050954,0.00106248059056331
898,77,0.0857461024498886,8.72981162188662e-05,0.00934334609328297,0.0834210156171,0.00106136112546684
899,77,0.085650723025584,8.71130997450263e-05,0.00933343986668508,0.0817751656478137,0.00106024399599399
900,78,0.0866666666666667,8.79506172839506e-05,0.00937819904267075,0.098847693983325,-0.00479557126043528
901,78,0.0865704772475028,8.7764738864198e-05,0.00936828366693697,0.0969784390562151,0.00105727930156618
902,78,0.0864745011086474,8.75794476348758e-05,0.00935838915812309,0.0951366664915628,0.00105617092368779
903,78,0.0863787375415282,8.73947411320709e-05,0.00934851545070504,0.0933221628900641,0.00105506484622708
904,78,0.086283185840708,8.72106169047409e-05,0.00933866247943146,0.0915347118874948,0.00105396106211072
905,78,0.0861878453038674,8.70270725146343e-05,0.00932883017932229,0.0897740942899474,0.00105285956429295
906,78,0.0860927152317881,8.68441055362101e-05,0.00931901848566737,0.0880400882037248,0.00105176034575784
907,78,0.0859977949283352,8.66617135565592e-05,0.00930922733402505,0.0863324691666688,0.00105066339951706
908,78,0.0859030837004405,8.64798941753256e-05,0.00929945666022083,0.0846510102764855,0.0010495687186098
909,78,0.0858085808580858,8.62986450046283e-05,0.00928970640034594,0.0829954823185132,0.00104847629610441
910,78,0.0857142857142857,8.61179636689841e-05,0.009279976490756,0.0813656538921884,0.00104738612509603
911,79,0.0867178924259056,8.69351257509491e-05,0.00932390077976751,0.0982622296037529,-0.00473323278946436
912,79,0.0866228070175439,8.67536143880978e-05,0.00931416203359689,0.0964121357968994,0.00104449268612406
913,79,0.0865279299014239,8.6572669494412e-05,0.00930444353491449,0.0945891382019264,0.00104341095284271
914,79,0.0864332603938731,8.63922887216171e-05,0.00929474522090934,0.092793026542445,0.00104233143752781
915,79,0.0863387978142077,8.62124697335574e-05,0.00928506702902878,0.0910235876789884,0.00104125413344168
916,79,0.0862445414847162,8.60332102061214e-05,0.00927540889697707,0.0892806057364578,0.00104017903387403
917,79,0.0861504907306434,8.58545078271677e-05,0.00926577076271411,0.0875638622317842,0.00103910613214069
918,79,0.0860566448801743,8.56763602964508e-05,0.00925615256445413,0.0858731362001268,0.00103803542158429
919,79,0.0859630032644178,8.5498765325549e-05,0.00924655424066441,0.0842082043201326,0.00103696689557426
920,79,0.0858695652173913,8.53217206377908e-05,0.00923697573006397,0.0825688410368062,0.0010359005475055
921,80,0.0868621064060803,8.61206089867309e-05,0.0092801190179184,0.099536251018663,-0.00467071573155886
922,80,0.0867678958785249,8.59427636912564e-05,0.00927053200691613,0.0976781077851541,0.00103306983280742
923,80,0.0866738894907909,8.57654673578863e-05,0.00926096470989315,0.0958468877672396,0.00103201164893704
924,80,0.0865800865800866,8.55887177357914e-05,0.00925141706636294,0.094042386617911,0.00103095561092151
925,80,0.0864864864864865,8.54125125856317e-05,0.00924188901608495,0.0922643970968546,0.0010299017123151
926,80,0.0863930885529158,8.52368496794858e-05,0.00923238049906338,0.0905127091958855,0.00102884994669623
927,80,0.0862998921251348,8.5061726800782e-05,0.00922289145554592,0.0887871102636433,0.00102780030766904
928,80,0.0862068965517241,8.4887141744229e-05,0.00921342182602256,0.0870873851288406,0.00102675278886276
929,80,0.0861141011840689,8.47130923157469e-05,0.00920397155122433,0.085413316222466,0.00102570738393187
930,80,0.0860215053763441,8.45395763323997e-05,0.00919454057212211,0.0837646836989368,0.00102466408655559
931,80,0.0859291084854995,8.43665916223273e-05,0.00918512882992543,0.082141265554961,0.00102362289043782
932,81,0.0869098712446352,8.51465080739014e-05,0.00922748655235549,0.0989346243545745,-0.00461155452627464
933,81,0.0868167202572347,8.49727517052645e-05,0.00921806659258136,0.0970954456941243,0.00102085868353037
934,81,0.0867237687366167,8.47995253455402e-05,0.00920866577445073,0.095282818556413,0.00101982536535352
935,81,0.0866310160427807,8.46268268472473e-05,0.00919928403992655,0.0934965414498448,0.00101879411784149
936,81,0.0865384615384615,8.44546540737369e-05,0.00918992133120501,0.0917364100855841,0.00101776493484703
937,81,0.0864461045891142,8.42830048991272e-05,0.00918057759071439,0.0900022174990759,0.00101673781024635
938,81,0.0863539445628998,8.41118772082382e-05,0.00917125276111384,0.0882937541720138,0.00101571273794157
939,81,0.0862619808306709,8.39412688965281e-05,0.00916194678529231,0.0866108081499872,0.00101468971185534
940,81,0.0861702127659574,8.37711778700288e-05,0.00915265960636736,0.0849531651626312,0.0010136687259366
941,81,0.0860786397449522,8.36016020452826e-05,0.00914339116768404,0.0833206087397182,0.00101264977415643
942,81,0.0859872611464968,8.34325393492791e-05,0.00913414141281375,0.0817129203274797,0.0010116328505104
943,82,0.0869565217391304,8.41941517138521e-05,0.00917573712100843,0.0983348500340434,-0.0045538717121604
944,82,0.086864406779661,8.40243449305918e-05,0.00916647941854406,0.0965143529710856,0.00100893283474552
945,82,0.0867724867724868,8.38550500654025e-05,0.00915724030837908,0.0947200440326767,0.00100792351601074
946,82,0.0866807610993657,8.3686265068288e-05,0.00914801973479988,0.0929517245054711,0.00100691619622164
947,82,0.0865892291446674,8.35179878994716e-05,0.00913881764231411,0.0912091929712939,0.00100591086951418
948,82,0.0864978902953586,8.33502165293362e-05,0.00912963397564964,0.0894922454261526,0.00100490753004519
949,82,0.0864067439409905,8.31829489383631e-05,0.00912046867975342,0.0878006753967043,0.00100390617199583
950,82,0.0863157894736842,8.30161831170725e-05,0.00911132169979046,0.0861342740561003,0.00100290678956775
951,82,0.0862250262881178,8.28499170659634e-05,0.0091021929811427,0.0844928303394469,0.00100190937698643
952,82,0.0861344537815126,8.26841487954549e-05,0.00909308246940799,0.0828761310561659,0.00100091392849843
953,83,0.087093389296957,8.3429308329198e-05,0.0091339645460883,0.0995651424522427,-0.0044959535798609
954,83,0.0870020964360587,8.32628214379344e-05,0.00912484637886767,0.0977370243074399,0.000998270485353494
955,83,0.0869109947643979,8.30968311554562e-05,0.00911574633013974,0.0959349321841845,0.000997282403460604
956,83,0.0868200836820084,8.29313355140768e-05,0.00910666434618499,0.0941586728037861,0.000996296257688841
957,83,0.0867293625914316,8.27663325558156e-05,0.00909760037349496,0.0924080501566823,0.000995312042419023
958,83,0.0866388308977036,8.2601820332341e-05,0.00908855435877131,0.0906828656189797,0.000994329752052288
959,83,0.086548488008342,8.24377969049134e-05,0.00907952624892474,0.0889829180663351,0.000993349381011217
960,83,0.0864583333333333,8.22742603443287e-05,0.00907051599107398,0.087308003988137,0.000992370923739621
961,83,0.0863683662851197,8.21112087308627e-05,0.00906152353254477,0.0856579175985787,0.000991394374702718
962,83,0.0862785862785863,8.1948640154215e-05,0.0090525488208689,0.0840324509491594,0.000990419728386339
963,83,0.0861889927310488,8.17865527134538e-05,0.00904359180378315,0.0824313940375998,0.000989446979297472
964,84,0.0871369294605809,8.25146109800442e-05,0.00908375533466442,0.098950870527905,-0.00444110390569179
965,84,0.0870466321243523,8.23518300105285e-05,0.00907479090726219,0.0971412369668005,0.00098686359021795
966,84,0.0869565217391304,8.21895290539985e-05,0.00906584408943803,0.0953572792510516,0.000985897957934778
967,84,0.0868665977249224,8.20277062302161e-05,0.00905691482957724,0.0935988066453223,0.000984934196166046
968,84,0.0867768595041322,8.18663596681119e-05,0.00904800307626561,0.0918656257747236,0.000983972299543494
969,84,0.086687306501548,8.17054875057323e-05,0.00903910877828851,0.0901575407358092,0.000983012262720312
970,84,0.0865979381443299,8.15450878901863e-05,0.00903023188462989,0.0884743532075634,0.000982054080368977
971,84,0.0865087538619979,8.13851589775924e-05,0.00902137234447134,0.0868158625618046,0.000981097747182538
972,84,0.0864197530864197,8.12256989330268e-05,0.00901253010719114,0.085181865971716,0.00098014325787379
973,84,0.0863309352517986,8.1066705930471e-05,0.0090037051223633,0.0835721585202331,0.000979190607175204
974,84,0.0862422997946612,8.09081781527608e-05,0.00899489733975662,0.0819865333062006,0.000978239789839053
975,85,0.0871794871794872,8.16197171226757e-05,0.00903436312767401,0.0983389928664063,-0.00438757513584411
976,85,0.0870901639344262,8.14605197544068e-05,0.00902554816919209,0.0965475717348101,0.000975714431370683
977,85,0.0870010235414534,8.13017865344861e-05,0.00901675033116067,0.0947814838314152,0.000974770492218304
978,85,0.0869120654396728,8.11435156653199e-05,0.009007969563965,0.0930405409015199,0.000973828360903055
979,85,0.0868232890704801,8.09857053579815e-05,0.00899920581818093,0.0913245521366345,0.000972888032296406
980,85,0.086734693877551,8.08283538321618e-05,0.00899045904457396,0.0896333242836403,0.000971949501288175
981,85,0.0866462793068298,8.06714593161189e-05,0.00898172919409836,0.0879666617512734,0.000971012762787199
982,85,0.0865580448065173,8.05150200466296e-05,0.00897301621789628,0.0863243667179717,0.000970077811721818
983,85,0.08646998982706,8.03590342689401e-05,0.0089643200672968,0.0847062392371539,0.000969144643038818
984,85,0.0863821138211382,8.02035002367176e-05,0.00895564069381513,0.0831120773413844,0.000968213251703319
985,86,0.0873096446700508,8.09001732158784e-05,0.00899445235775244,0.0995282375140892,-0.00433376742817607
986,86,0.0872210953346856,8.07439917477721e-05,0.0089857660634902,0.0977295814774383,0.000965739093026079
987,86,0.0871327254305978,8.05882609824051e-05,0.00897709646725516,0.0959561066252979,0.000964814371282136
988,86,0.0870445344129555,8.04329791920924e-05,0.00896844352115195,0.0942076296981368,0.000963891402389791
989,86,0.0869565217391304,8.02781446573939e-05,0.00895980717746727,0.0924839648606903,0.0009629701814275
990,86,0.0868686868686869,8.01237556670676e-05,0.00895118738866904,0.0907849238064861,0.00096205070349138
991,86,0.0867810292633703,7.99698105180226e-05,0.00894258410740557,0.0891103158648443,0.000961132963696057
992,86,0.0866935483870968,7.98163075152731e-05,0.00893399728650469,0.0874599481044584,0.000960216957173371
993,86,0.0866062437059416,7.96632449718919e-05,0.0089254268789729,0.0858336254372601,0.000959302679074386
994,86,0.0865191146881288,7.9510621208965e-05,0.00891687283799455,0.0842311507209123,0.000958390124566536
995,86,0.0864321608040201,7.93584345555458e-05,0.00890833511693099,0.0826523248606308,0.00095747928883582
996,87,0.0873493975903614,8.00396388865084e-05,0.00894648751670221,0.0989033427680153,-0.00428277554340197
997,87,0.0872617853560682,7.98868266524972e-05,0.00893794308845705,0.0971227031821781,0.000955059539199486
998,87,0.0871743486973948,7.97344505276351e-05,0.00892941490399204,0.0953669142805423,0.000954155154112655
999,87,0.0870870870870871,7.95825088586318e-05,0.00892090291722939,0.0936357950803572,0.000953252464373992
1000,87,0.087,7.9431e-05,0.00891240708226459,0.0919291621055932,0.000952351465274804
