n,xr,phat_r,variance_r,sigma_r,tail_probability,relative_gain
1,NaN,NaN,NaN,NaN,NaN,NaN
2,2,1,0,0,0.01,NaN
3,2,0.666666666666667,0.0740740740740741,0.272165526975909,0.028,NaN
4,3,0.75,0.046875,0.21650635094611,0.0037,0.204504871165134
5,3,0.6,0.048,0.219089023002066,0.00856000000000001,-0.0119288512538815
6,3,0.5,0.0416666666666667,0.204124145231932,0.01585,0.0683050093750877
7,3,0.428571428571429,0.0349854227405248,0.187043905916565,0.0256915,0.083675742014545
8,3,0.375,0.029296875,0.171163299220364,0.03809179,0.0849030959783548
9,4,0.444444444444444,0.0274348422496571,0.165634664999984,0.008331094,0.0323003485301025
10,4,0.4,0.024,0.154919333848297,0.0127951984,0.0646925639128062
11,4,0.363636363636364,0.0210368144252442,0.145040733675903,0.0185347612,0.0637660899192051
12,4,0.333333333333333,0.0185185185185185,0.136082763487954,0.0256374701649999,0.0617617545148752
13,4,0.307692307692308,0.0163859808830223,0.128007737590437,0.0341607209230001,0.0593390793260282
14,4,0.285714285714286,0.0145772594752187,0.120736322104074,0.0441329243098599,0.0568044996594556
15,5,0.333333333333333,0.0148148148148148,0.121716123890037,0.012720483641251,-0.00811521975233381
16,5,0.3125,0.013427734375,0.11587810136087,0.0170039982778795,0.0479642494567234
17,5,0.294117647058824,0.0122124974557297,0.110510169015026,0.0221442158418338,0.0463239583907786
18,5,0.277777777777778,0.0111454046639232,0.105571798620291,0.0281938565132567,0.0446870223686322
19,5,0.263157894736842,0.0102055693249745,0.101022617888147,0.0351941550044749,0.0430908707779615
20,5,0.25,0.009375,0.0968245836551854,0.0431744952844635,0.0415553894832673
21,6,0.285714285714286,0.00971817298347911,0.0985807941917649,0.0144452702765045,-0.0181380644282834
22,6,0.272727272727273,0.00901577761081893,0.0949514487031079,0.0182159810587992,0.0368159489727479
23,6,0.260869565217391,0.00838333196350785,0.0915605371517001,0.0226077500875893,0.0357120570325417
24,6,0.25,0.0078125,0.0883883476483184,0.027658284470698,0.0346458157855261
25,6,0.24,0.007296,0.0854166260162505,0.0333999446114951,0.033621192285344
26,6,0.230769230769231,0.00682749203459263,0.0826286393122422,0.0398593122698922,0.0326398598731567
27,6,0.222222222222222,0.00640146319158665,0.0800091444247884,0.0470568933749635,0.0317020213482537
28,7,0.25,0.00669642857142857,0.0818317088384971,0.0179066898994262,-0.0227794513591134
29,7,0.241379310344828,0.00631432203042355,0.0794627084261766,0.0216167157963127,0.0289496632289084
30,7,0.233333333333333,0.00596296296296296,0.0772202237950847,0.0258267886619098,0.0282205914636702
31,7,0.225806451612903,0.00563928703299654,0.0750951864835326,0.030563120635707,0.0275191809491664
32,7,0.21875,0.005340576171875,0.0730792458354285,0.0358488671184648,0.0268451380508409
33,7,0.212121212121212,0.00506441828755878,0.0711647264279066,0.0417038478378263,0.0261978539274119
34,7,0.205882352941176,0.00480867087319357,0.0693445807052979,0.0481443266291246,0.0255765154167018
35,8,0.228571428571429,0.00503790087463557,0.0709781718180707,0.0199902336271635,-0.0235575887280267
36,8,0.222222222222222,0.00480109739368998,0.0692899516069248,0.0235094952524086,0.0237850619127396
37,8,0.216216216216216,0.00458018281246915,0.0676770479000758,0.0274413599647515,0.0232775989799918
38,8,0.210526315789474,0.00437381542498907,0.0661348276250046,0.0318057297954524,0.0227879365741293
39,8,0.205128205128205,0.004180785245874,0.064658991995499,0.0366206152215801,0.0223155587230647
40,8,0.2,0.004,0.0632455532033676,0.0419019426733634,0.021859895252153
41,8,0.195121951219512,0.00383047257004396,0.0618908116770492,0.0476633908025827,0.0214203443198961
42,9,0.214285714285714,0.00400874635568513,0.063314661459137,0.0210887113065609,-0.0230058346870231
43,9,0.209302325581395,0.00384871772296779,0.0620380344866582,0.02437146583254,0.020163212485986
44,9,0.204545454545455,0.00369787753568745,0.0608101762510803,0.0280012544084084,0.0197920234858813
45,9,0.2,0.00355555555555556,0.0596284793999944,0.0319940218418635,0.0194325509961819
46,9,0.195652173913043,0.00342113914687269,0.0584905047582314,0.0363644834919972,0.019084414917398
47,9,0.191489361702128,0.00329406778844765,0.0573939699659088,0.041125986447668,0.0187472273808378
48,9,0.1875,0.003173828125,0.0563367386791248,0.0462903858072809,0.0184205986693724
49,10,0.204081632653061,0.00331494530340249,0.0575755616855146,0.0215012688811391,-0.0219896116714471
50,10,0.2,0.0032,0.0565685424949238,0.0245379357045913,0.017490392817898
51,10,0.196078431372549,0.00309081725731431,0.0555951190062069,0.0278708627059413,0.0172078587459501
52,10,0.192307692307692,0.00298702776513427,0.054653707697962,0.0315132757859893,0.016933344600625
53,10,0.188679245283019,0.00288829033363112,0.0537428165770191,0.0354775765335751,0.0166665933439846
54,10,0.185185185185185,0.002794289488391,0.052861039418375,0.0397752389349354,0.0164073492013653
55,10,0.181818181818182,0.00270473328324568,0.0520070503224869,0.0444167143284046,0.0161553595102277
56,10,0.178571428571429,0.00261935131195335,0.0511795985911706,0.0494113454583325,0.0159103761160334
57,11,0.192982456140351,0.00273228469758576,0.0522712607231331,0.0242384045634919,-0.0213300252837634
58,11,0.189655172413793,0.00264976013776703,0.0514758209042559,0.0272912931401014,0.0152175365176383
59,11,0.186440677966102,0.00257085680619732,0.0507036172890783,0.0306113094671623,0.0150012880146938
60,11,0.183333333333333,0.00249537037037037,0.0499536822503644,0.0342091230787334,0.0147905628594171
61,11,0.180327868852459,0.00242311030438671,0.0492250983176947,0.0380947617792303,0.0145851897167072
62,11,0.17741935483871,0.00235389882850525,0.0485169952542947,0.0422775375568245,0.0143850004895873
63,11,0.174603174603175,0.00228756993685187,0.047828547300246,0.0467659777181629,0.0141898308096011
64,12,0.1875,0.00238037109375,0.0487890468624875,0.0236301088865255,-0.0200821395684856
65,12,0.184615384615385,0.00231588529813382,0.0481236459355878,0.0264238741794031,0.0136383260114734
66,12,0.181818181818182,0.00225394440270473,0.047475724351554,0.0294504532466864,0.0134636844619192
67,12,0.17910447761194,0.0021944188613626,0.0468446246794934,0.0327191586393519,0.0132931025419923
68,12,0.176470588235294,0.0021371870547527,0.0462297204701986,0.0362388539103839,0.0131264625024094
69,12,0.173913043478261,0.00208213473603463,0.0456304145941567,0.0400178951487556,0.0129636491405612
70,12,0.171428571428571,0.00202915451895044,0.0450461376696209,0.0440640755091473,0.0128045499856283
71,12,0.169014084507042,0.00197814540486322,0.04447634657729,0.0483845731821117,0.0126490554308967
72,13,0.180555555555556,0.00205493398491084,0.0453313796934401,0.0253779230735862,-0.0192244458448096
73,13,0.178082191780822,0.00200505376371727,0.0447778266971195,0.0281387210866085,0.0122112541039812
74,13,0.175675675675676,0.00195694233312933,0.0442373409364683,0.0311122363235863,0.012070388415836
75,13,0.173333333333333,0.00191051851851852,0.0437094785889573,0.0343063672071775,0.0119325062568529
76,13,0.171052631578947,0.0018657056422219,0.043193814860717,0.0377286502967413,0.0117975264150275
77,13,0.168831168831169,0.00182243123717234,0.0426899430448477,0.0413862153487113,0.0116653696251214
78,13,0.166666666666667,0.00178062678062678,0.0421974736284861,0.0452857423964248,0.0115359586177996
79,13,0.164556962025316,0.00174022744651032,0.0417160334465097,0.0494334211653594,0.0114092181492923
80,14,0.175,0.0018046875,0.0424816136699161,0.0267488088214203,-0.0183521816470885
81,14,0.172839506172839,0.00176501248492307,0.042012051662863,0.0294574192505475,0.0110532996863446
82,14,0.170731707317073,0.00172661452967891,0.0415525514220115,0.0323612089605973,0.0109373435160673
83,14,0.168674698795181,0.00168944029857272,0.041102801590314,0.0354670014330847,0.0108236393748668
84,14,0.166666666666667,0.00165343915343915,0.0406625030395222,0.0387813256858673,0.0107121299219554
85,14,0.164705882352941,0.00161856299613271,0.0402313683104702,0.0423103808057344,0.0106027592210181
86,14,0.162790697674419,0.00158476612122203,0.0398091210807527,0.0460600018705906,0.0104954727480056
87,15,0.172413793103448,0.00164008364426586,0.0404979461734278,0.0253299539834548,-0.0173031977088321
88,15,0.170454545454545,0.00160681583395943,0.0400851073836584,0.0278005213343859,0.0101940673238452
89,15,0.168539325842697,0.00157453732008074,0.039680440018739,0.0304446961207905,0.0100952047114748
90,15,0.166666666666667,0.00154320987654321,0.0392837100659193,0.0332686747926678,0.00999812382706191
91,15,0.164835164835165,0.00151279706888933,0.0388946920400371,0.0362784415350655,0.00990278222778309
92,15,0.16304347826087,0.00148326415714638,0.0385131686199199,0.0394797388883429,0.00980913847381951
93,15,0.161290322580645,0.00145457800454276,0.0381389303015011,0.0428780391556699,0.0097171521281992
94,15,0.159574468085106,0.00142670699170704,0.0377717750669338,0.0464785167806695,0.00962678375258157
95,16,0.168421052631579,0.00147426738591631,0.038396189731747,0.026171822975664,-0.016531250218099
96,16,0.166666666666667,0.00144675925925926,0.0380362887156365,0.0285832428650091,0.00937335237232912
97,16,0.164948453608247,0.00142000475526284,0.0376829504585673,0.0311554240803105,0.00928950402366622
98,16,0.163265306122449,0.00139397699937951,0.0373360013844481,0.0338938560326959,0.00920705703500251
99,16,0.161616161616162,0.00136865028202647,0.0369952737795853,0.0368038523965591,0.00912598007896937
100,16,0.16,0.001344,0.0366606055596467,0.0398905271110844,0.00904624255337212
101,16,0.158415841584158,0.0013200026011816,0.0363318400467358,0.0431587709264601,0.00896781457622121
102,16,0.156862745098039,0.00129663553233673,0.0360088257561495,0.0466132286336495,0.00889066697890438
103,17,0.16504854368932,0.00133793710597432,0.0365778225975019,0.0267932775386668,-0.0158015938982748
104,17,0.163461538461538,0.00131482561447428,0.0362605241891824,0.0291397774958899,0.0086746117124298
105,17,0.161904761904762,0.00129230104740309,0.0359485889487069,0.0316356001776621,0.00860261255044465
106,17,0.160377358490566,0.00127034397522787,0.0356418851244975,0.0342856590925767,0.0085317347127872
107,17,0.158878504672897,0.001248935751643,0.0353402851098149,0.0370947215423912,0.00846195462526973
108,17,0.157407407407407,0.0012280584768582,0.0350436652885825,0.0400673887282873,0.00839324924263254
109,17,0.155963302752294,0.0012076949628155,0.0347519058875266,0.0432080762333904,0.00832559604291691
110,17,0.154545454545455,0.00118782870022539,0.0344648908343751,0.0465209949887691,0.00825897302094371
111,18,0.162162162162162,0.00122401437229779,0.0349859167708635,0.027228115178021,-0.0151175855740345
112,18,0.160714285714286,0.00120433217930029,0.0347034894398286,0.0295063169429076,0.00807260055195123
113,18,0.15929203539823,0.00118511577749486,0.034425510562588,0.0319236089208083,0.00801011315367913
114,18,0.157894736842105,0.00116635077999708,0.0341518781327921,0.0344844276098958,0.00794853657430663
115,18,0.156521739130435,0.00114802334182625,0.0338824931465536,0.0371930873779413,0.00788785276145187
116,18,0.155172413793103,0.00113012013612694,0.0336172594975697,0.0400537637656257,0.00782804405321144
117,18,0.153846153846154,0.00111262833156324,0.0333560838763072,0.0430704770471783,0.00776909317314807
118,18,0.152542372881356,0.00109553557082272,0.0330988756730908,0.0462470761326566,0.0077109832248355
119,18,0.151260504201681,0.00107882995017087,0.0328455468849412,0.049587222893823,0.00765369768603706
120,19,0.158333333333333,0.00111053240740741,0.0333246516472027,0.0297133496648912,-0.0145865972011284
121,19,0.15702479338843,0.00109395047644422,0.0330749221683774,0.0320514523977047,0.00749383613875702
122,19,0.155737704918033,0.00107773337856473,0.0328288497904621,0.0345234852870595,0.00743984752745696
123,19,0.154471544715447,0.00106187062267212,0.0325863563884046,0.0371333815490902,0.00738659452296581
124,19,0.153225806451613,0.00104635208620053,0.03234736598551,0.0398849578939216,0.00733406337443922
125,19,0.152,0.001031168,0.0321118046830134,0.0427819005362086,0.00728224061897839
126,19,0.150793650793651,0.00101630893392042,0.0318796005922349,0.0458277514451554,0.00723111307728279
127,19,0.149606299212598,0.00100176578305913,0.0316506837692194,0.0490258948995521,0.00718066784912268
128,20,0.15625,0.00102996826171875,0.0320931186038183,0.0297865371712597,-0.0139786817190106
129,20,0.155038759689922,0.00101551738514522,0.0318671835144748,0.0320458378953157,0.00703998549136367
130,20,0.153846153846154,0.00100136549840692,0.0316443596618247,0.0344304271140695,0.00699226690519782
131,20,0.152671755725191,0.000987504509381515,0.0314245844742857,0.0369439130473488,0.0069451614723043
132,20,0.151515151515152,0.000973926593761305,0.0312077970026932,0.0395898058289044,0.00689865833452419
133,20,0.150375939849624,0.000960624184691476,0.0309939378700332,0.0423715054965864,0.00685274685174175
134,20,0.149253731343284,0.000947589962861123,0.0307829492229241,0.0452922901476575,0.00680741659849135
135,20,0.148148148148148,0.000934816847025352,0.0305747746847847,0.0483553043121694,0.00676265736047012
136,21,0.154411764705882,0.000960064497252188,0.0309849075721098,0.0297474932627557,-0.0134140935314629
137,21,0.153284671532847,0.000947361175225649,0.0307792328563538,0.0319290986961329,0.00663789992845232
138,21,0.152173913043478,0.000934905892989233,0.0305762308499467,0.0342281751913112,0.00659542124894713
139,21,0.151079136690647,0.000922692310413354,0.0303758507767824,0.0366480506209798,0.00655345893179755
140,21,0.15,0.000910714285714286,0.0301780431061109,0.0391919700852805,0.00651200429331692
141,21,0.148936170212766,0.00089896586819234,0.0299827595159675,0.0418630855227967,0.00647104881707252
142,21,0.147887323943662,0.000887441291270735,0.0297899528578132,0.0446644454320524,0.00643058415125501
143,21,0.146853146853147,0.000876134965821503,0.0295995771223425,0.0475989847468463,0.00639060210599752
144,22,0.152777777777778,0.000898866169410151,0.0299810968680292,0.0296144509462414,-0.0128893647402382
145,22,0.151724137931034,0.000887613268276682,0.0297928392114059,0.0317199573424098,0.00627921177974329
146,22,0.150684931506849,0.000876568376189215,0.0296068974428125,0.0339358330254663,0.00624115638237671
147,22,0.149659863945578,0.000865726456254213,0.0294232298746112,0.036265161543506,0.00620353985269957
148,22,0.148648648648649,0.00085508262097013,0.0292417957890778,0.0387109564874444,0.00616635516585199
149,22,0.147651006711409,0.000844632127037025,0.0290625554113369,0.0412761524443948,0.00612959542682828
150,22,0.146666666666667,0.00083437037037037,0.0288854698831501,0.0439635960211681,0.0060932538684363
151,22,0.145695364238411,0.000824292881310248,0.0287105012375306,0.0467760369736048,0.00605732384923097
152,22,0.144736842105263,0.000814395320017495,0.0285376123741545,0.0497161194769588,0.00602179885143022
153,23,0.150326797385621,0.00083482778675427,0.0288933865573814,0.0314341519106501,-0.0124668517660982
154,23,0.149350649350649,0.000824967746033693,0.0287222517577173,0.0335693740767885,0.00592297477224748
155,23,0.148387096774194,0.000815279782484643,0.0285531046032589,0.0358113573512377,0.0058890631516366
156,23,0.147435897435897,0.000805759958866468,0.0283859112741949,0.0381629112368428,0.00585552189112362
157,23,0.146496815286624,0.000796404448391726,0.0282206386956732,0.0406267781438525,0.00582234535031572
158,23,0.145569620253165,0.000787209531091861,0.0280572545180718,0.0432056255065247,0.00578952798918781
159,23,0.144654088050314,0.00077817159031853,0.0278957270978645,0.0459020379695449,0.00575706436648289
160,23,0.14375,0.000769287109375,0.0277360254790588,0.048718509673638,0.00572494913810235
161,24,0.149068322981366,0.000787869304750866,0.0280690096859662,0.0310849477002514,-0.0120054766736072
162,24,0.148148148148148,0.000779014039187793,0.0279108229758241,0.0331421965971499,0.00563563559640561
163,24,0.147239263803681,0.000770305907964608,0.0277543853825771,0.0353000878861231,0.00560490793777689
164,24,0.146341463414634,0.000761741704270106,0.0275996685536277,0.0375612496867756,0.00557450027506213
165,24,0.145454545454545,0.000753318307037315,0.0274466447318669,0.039928253103639,0.00554440795053419
166,24,0.144578313253012,0.000745032678252566,0.0272952867406182,0.0424036052684559,0.00551462638611579
167,24,0.143712574850299,0.000736881860360458,0.0271455679690158,0.0449897424252568,0.00548515108212979
168,24,0.142857142857143,0.000728862973760933,0.0269974623578019,0.0476890230826773,0.00545597761604876
169,25,0.14792899408284,0.000745834359718812,0.0273099681383705,0.030683554940954,-0.0115753761011635
170,25,0.147058823529412,0.000737838387950336,0.0271631807406706,0.0326655715726418,0.00537486521244644
171,25,0.146198830409357,0.000729969195299959,0.0270179420996485,0.0347426163990024,0.0053468937385747
172,25,0.145348837209302,0.000722224143786082,0.0268742282454042,0.0369171551661959,0.00531920061543656
173,25,0.144508670520231,0.000714600662801772,0.0267320156890903,0.0391916051740437,0.00529178196356961
174,25,0.14367816091954,0.000707096247093787,0.0265912814112782,0.0415683291084166,0.00526463396733733
175,25,0.142857142857143,0.000699708454810496,0.0264520028506443,0.0440496288958905,0.0052377528739458
176,25,0.142045454545455,0.000692434905616078,0.0263141578929685,0.0466377396013813,0.00521113499246567
177,25,0.141242937853107,0.000685273278868535,0.0261777248604331,0.0493348233892065,0.00518477669285171
178,26,0.146067415730337,0.000700740032540438,0.0264714947167786,0.0321490054931905,-0.0112221309495687
179,26,0.145251396648045,0.000693594572177861,0.0263361837056522,0.0341484013006966,0.00511157426409457
180,26,0.144444444444444,0.000686556927297668,0.0262022313419615,0.0362399770447931,0.0050862480755702
181,26,0.143646408839779,0.000679624961697315,0.0260696175978344,0.0384260110482889,0.00506116224974831
182,26,0.142857142857143,0.000672796591163938,0.025938322828663,0.0407087350173378,0.00503631358145856
183,26,0.14207650273224,0.000666069781986973,0.0258083277642503,0.0430903285595611,0.00501169891636182
184,26,0.141304347826087,0.000659442549519191,0.025679613500191,0.0455729137266757,0.00498731515017476
185,26,0.140540540540541,0.000652912956784396,0.0255521614894786,0.0481585495988444,0.00496315922789841
186,27,0.145161290322581,0.000667147796314323,0.0258292043298729,0.0316005352636343,-0.0108422467707201
187,27,0.144385026737968,0.000660630966801306,0.0257027423984544,0.0335254044300918,0.00489608312371425
188,27,0.143617021276596,0.000654208364235285,0.025577497223835,0.0355375502730601,0.00487283312721441
189,27,0.142857142857143,0.000647878198898607,0.0254534516107071,0.0376391248201424,0.00484979480370282
190,27,0.142105263157895,0.000641638722845896,0.0253305886794187,0.0398322403444411,0.00482696544136596
191,27,0.141361256544503,0.000635488228757392,0.0252088918589729,0.0421189644581925,0.00480434236985003
192,27,0.140625,0.000629425048828125,0.0250883448802053,0.0445013152166917,0.00478192295964437
193,27,0.139896373056995,0.000623447553691673,0.0249689317691341,0.0469812562472349,0.00475970462146608
194,27,0.139175257731959,0.000617554151377328,0.0248506368404781,0.0495606919179108,0.00473768480565126
195,28,0.143589743589744,0.000630624251926027,0.0251122331130871,0.0328803412474788,-0.0105267432093676
196,28,0.142857142857143,0.000624739691795085,0.0249947932937059,0.0348164533788645,0.00467659800911831
197,28,0.142131979695431,0.000618936446920248,0.0248784333694919,0.0368373420177793,0.00465536653360901
198,28,0.141414141414141,0.000613213040516377,0.0247631387452475,0.038945009992372,0.00463432011702994
199,28,0.14070351758794,0.000607568028775478,0.0246488950822441,0.041141421881686,0.00461345648379489
200,28,0.14,0.000602,0.0245356882927706,0.0434284996106093,0.00459277339190175
201,28,0.139303482587065,0.00059650757376209,0.0244235045348142,0.0458081180568912,0.00457226863244137
202,28,0.138613861386139,0.000591089400087935,0.0243123302068711,0.048282100682935,0.00455194002910847
203,29,0.142857142857143,0.000603196943802151,0.0245600680740537,0.0322188849180972,-0.010189803489614
204,29,0.142156862745098,0.000597785730978281,0.0244496570728156,0.0340822179468278,0.00449554947914595
205,29,0.141463414634146,0.0005924464241668,0.0243402223524519,0.0360260130836047,0.0044759204612876
206,29,0.140776699029126,0.000587177767182471,0.0242317512198865,0.038052172421092,0.00445645610770185
207,29,0.140096618357488,0.000581978530832291,0.0241242311967095,0.0401625653490152,0.00443715446734913
208,29,0.139423076923077,0.00057684751223259,0.0240176500147827,0.0423590245807077,0.00441801361700429
209,29,0.138755980861244,0.000571783534145828,0.0239119956119482,0.0446433421816607,0.00439903166086091
210,29,0.138095238095238,0.000566785444336465,0.0238072561278377,0.047017265611178,0.00438020673013792
211,29,0.137440758293839,0.000561852114945277,0.0237034198997798,0.0494824937879591,0.00436153698268765
212,30,0.141509433962264,0.000573040160669546,0.023938257260493,0.0333394996233808,-0.00990731977521039
213,30,0.140845070422535,0.000568111439249795,0.0238350884044888,0.0352096169801458,0.00430978975961228
214,30,0.14018691588785,0.000563245535054688,0.0237327945058033,0.0371579946828259,0.00429173565247575
215,30,0.13953488372093,0.000558441395097287,0.0236313646473767,0.0391864138478881,0.00427382702031868
216,30,0.138888888888889,0.000553697988111568,0.0235307880894705,0.041296624108315,0.00425606220406601
217,30,0.138248847926267,0.000549014304024549,0.0234310542661774,0.0434903400154108,0.00423843956751236
218,30,0.137614678899083,0.00054438935344305,0.0233321527820099,0.0457692374444306,0.00422095749700364
219,30,0.136986301369863,0.000539822167154649,0.0232340734085663,0.0481349500136099,0.00420361440111751
220,31,0.140909090909091,0.000550244177310293,0.0234572840991939,0.0325922184341395,-0.00960704077595101
221,31,0.14027149321267,0.00054568054934189,0.0233598062779187,0.0343919031433419,0.00415554592181074
222,31,0.13963963963964,0.000541173021085366,0.023263125780629,0.0362660250735016,0.00413875424048713
223,31,0.139013452914798,0.00053672068530719,0.0231672330092998,0.0382162832070628,0.00412209314575665
224,31,0.138392857142857,0.000532322652833455,0.0230721185163707,0.0402443495666875,0.00410556119891143
225,31,0.137777777777778,0.0005279780521262,0.022977773001886,0.0423518659486571,0.00408915698043744
226,31,0.13716814159292,0.000523686028871084,0.0228841873106974,0.0445404406529915,0.00407287908975793
227,31,0.136563876651982,0.000519445745576055,0.0227913524297277,0.046811645218626,0.00405672614496953
228,31,0.135964912280702,0.000515256381180714,0.0226992594852941,0.0491670111717225,0.00404069678258696
229,32,0.139737991266376,0.000524940109446349,0.0229115715184784,0.0335760081532188,-0.00935325812376427
230,32,0.139130434782609,0.000520752856086135,0.0228200099931208,0.0353792100174787,0.00399630052804032
231,32,0.138528138528139,0.000516615122788171,0.0227291689858686,0.0372549024089461,0.00398076106362922
232,32,0.137931034482759,0.00051252613883308,0.022639040148228,0.0392046846498671,0.00396533800670842
233,32,0.137339055793991,0.000508485148272988,0.0225496152577597,0.0412301300822458,0.0039500301197769
234,32,0.136752136752137,0.000504491409597699,0.0224608862157685,0.0433327830880224,0.00393483618132484
235,32,0.136170212765957,0.000500544195409495,0.0223728450450428,0.0455141561078278,0.00391975498562105
236,32,0.135593220338983,0.000496642792106301,0.0222854838876409,0.0477757266650956,0.00390478534249961
237,33,0.139240506329114,0.000505707121208126,0.022487932790902,0.0327645520911383,-0.00908433957646371
238,33,0.138655462184874,0.000501807247862071,0.0224010546149522,0.034499990322364,0.00386332424405698
239,33,0.138075313807531,0.000497951972905787,0.0223148375056998,0.0363045091045624,0.00384879688632322
240,33,0.1375,0.000494140625,0.0222292740547234,0.0381796394912561,0.0038343748169592
241,33,0.136929460580913,0.000490372545252835,0.0221443569618274,0.0401268902774564,0.00382005695224042
242,33,0.136363636363636,0.000486647086947613,0.0220600790331225,0.0421477452799787,0.00380584222202326
243,33,0.135802469135802,0.000482963615277456,0.0219764331791457,0.0442436606111503,0.00379172956956511
244,33,0.135245901639344,0.000479321507086496,0.0218934124130181,0.0464160619520516,0.00377771795135358
245,33,0.13469387755102,0.000475720150617515,0.021811009848641,0.0486663418315652,0.00376380633692943
246,34,0.138211382113821,0.000484182910439059,0.0220041566627549,0.0336303808183378,-0.00885547324283499
247,34,0.137651821862348,0.000480582177329249,0.0219221845929928,0.0353669284283319,0.00372529931587157
248,34,0.137096774193548,0.000477021164109966,0.0218408141814806,0.0371708281184966,0.0037117838857229
249,34,0.136546184738956,0.00047349929386422,0.0217600389214776,0.0390435277038328,0.00369836304323947
250,34,0.136,0.000470016,0.0216798523980215,0.0409864535236311,0.00368503584692215
251,34,0.135458167330677,0.000466570726032237,0.0216002482863563,0.0430010079450765,0.00367180136671604
252,34,0.134920634920635,0.00046316292537003,0.0215212203503898,0.0450885668615932,0.00365865868386472
253,34,0.134387351778656,0.000459792061108995,0.0214427624411827,0.0472504771915894,0.00364560689076553
254,34,0.133858267716535,0.000456457605828598,0.021364868495467,0.0494880543831447,0.00363264509082628
255,35,0.137254901960784,0.000464376446464784,0.0215493955011454,0.0344436383246944,-0.00863693617948188
256,35,0.13671875,0.000461041927337647,0.0214718869067822,0.0361795324852763,0.00359678740682054
257,35,0.136186770428016,0.000457742933807014,0.0213949277588641,0.0379811091276172,0.00358418187708623
258,35,0.135658914728682,0.000454478967377203,0.0213185123162289,0.0398497399678596,0.00357166163384482
259,35,0.135135135135135,0.000451249538174301,0.0212426349159962,0.0417867760442297,0.00355922585531107
260,35,0.134615384615385,0.000448054164770141,0.0211672899722695,0.0437935454193284,0.00354687372939592
261,35,0.134099616858238,0.000444892374010389,0.0210924719748632,0.0458713508785097,0.00353460445358562
262,35,0.133587786259542,0.00044176370084663,0.0210181754880539,0.0480214676290122,0.00352241723482346
263,36,0.136882129277567,0.000449222098714852,0.0211948601956902,0.0335358239213988,-0.00840628187430979
264,36,0.136363636363636,0.000446093163035312,0.0211209176655588,0.0352067556297807,0.00348870100810877
265,36,0.135849056603774,0.000442996567636371,0.0210474836414326,0.0369404384852852,0.00347683870980402
266,36,0.135338345864662,0.000439931872192778,0.0209745529676505,0.0387381922289271,0.00346505430409075
267,36,0.134831460674157,0.000436898643770152,0.0209021205567797,0.0406013188359764,0.00345334706215508
268,36,0.134328358208955,0.000433896456678514,0.0208301813885169,0.0425311004035443,0.0034417162635434
269,36,0.133828996282528,0.000430924892329141,0.0207587305086111,0.044528797030548,0.00343016119605912
270,36,0.133333333333333,0.00042798353909465,0.0206877630278058,0.0465956446946547,0.00341868115566235
271,36,0.132841328413284,0.000425071992172244,0.0206172741208008,0.0487328531302887,0.00340727544637171
272,37,0.136029411764706,0.000432078716542846,0.0207865032302897,0.0342532659787702,-0.00820812239762373
273,37,0.135531135531136,0.000429166471914932,0.0207163334573214,0.035922099752178,0.00337573723636812
274,37,0.135036496350365,0.000426283361327675,0.0206466307500201,0.0376521945121788,0.00336462566818974
275,37,0.134545454545455,0.000423429000751315,0.0205773905233709,0.0394448053013386,0.00335358478036919
276,37,0.134057971014493,0.000420603012398443,0.0205086082511331,0.0413011700306908,0.00334261393152517
277,37,0.133574007220217,0.000417805024604152,0.020440279464923,0.0432225075255856,0.00333171248742816
278,37,0.133093525179856,0.000415034671708831,0.0203723997533141,0.0452100155649021,0.00332087982091408
279,37,0.132616487455197,0.000412291593943522,0.0203049647609525,0.0472648689179393,0.00331011531180171
280,37,0.132142857142857,0.000409575437317784,0.0202379701876889,0.0493882173827415,0.00329941834680884
281,38,0.135231316725979,0.000416170134172728,0.0204002483850743,0.0349264927034912,-0.00801850165211596
282,38,0.134751773049645,0.000413452952871001,0.0203335425558608,0.0365919618161528,0.00326985377601487
283,38,0.134275618374558,0.00041076210842646,0.0202672669204918,0.0383172518602141,0.00325942393888901
284,38,0.133802816901408,0.00040809726440372,0.0202014173860083,0.0401035582594664,0.00324905843208936
285,38,0.133333333333333,0.000405458089668616,0.0201359899103227,0.041952059942248,0.00323875668897392
286,38,0.132867132867133,0.000402844258289512,0.0200709805014482,0.0438639175295212,0.00322851814904671
287,38,0.132404181184669,0.000400255449440719,0.0200063852167432,0.0458402715173008,0.00321834225788568
288,38,0.131944444444444,0.000397691347307956,0.0199422001621676,0.0478822404574724,0.00320822846707306
289,38,0.131487889273356,0.000395151640995827,0.0198784214915528,0.0499909191399129,0.00319817623412478
290,39,0.13448275862069,0.000401369469842962,0.0200342074922609,0.0355575684740174,-0.00783694021048483
291,39,0.134020618556701,0.000398828496076908,0.0199706909263778,0.0372185493046171,0.00317040571271043
292,39,0.133561643835616,0.000396311407984741,0.0199075716245036,0.0389379598956634,0.00316059680192718
293,39,0.133105802047782,0.000393817909587025,0.0198448459199618,0.0407169406174168,0.00315084660876377
294,39,0.13265306122449,0.000391347709429461,0.0197825101903035,0.0425566159755698,0.00314115463076641
295,39,0.132203389830508,0.000388900520501122,0.0197205608566573,0.0444580929277718,0.00313152037078652
296,39,0.131756756756757,0.000386476060154384,0.0196589943830905,0.0464224591955268,0.00312194333691956
297,39,0.131313131313131,0.000384074050026504,0.0195978072759813,0.0484507815743324,0.00311242304244557
298,40,0.134228187919463,0.000389969736534632,0.0197476514181974,0.0345489720396662,-0.00764596467890311
299,40,0.133779264214047,0.00038756646381403,0.0196867077952112,0.0361484852602495,0.00308612005020387
300,40,0.133333333333333,0.000385185185185185,0.0196261352585063,0.03780398144356,0.00307682408531668
301,40,0.132890365448505,0.000382825635280624,0.0195659304731624,0.0395165637021644,0.00306758231057558
302,40,0.132450331125828,0.00038048755268373,0.0195060901434329,0.041287321464947,0.00305839427424923
303,40,0.132013201320132,0.000378170679859216,0.0194466110121845,0.0431173289171738,0.00304925952925595
304,40,0.131578947368421,0.000375874763084998,0.0193874898603455,0.045007643433128,0.00304017763311067
305,40,0.131147540983607,0.000373599552385442,0.0193287235063633,0.0469593040050882,0.00303114814787529
306,40,0.130718954248366,0.000371344801465947,0.0192703088056717,0.048973329670499,0.00302217064010632
307,41,0.133550488599349,0.000376921027994214,0.0194144540998251,0.0351067629640701,-0.0074801756218347
308,41,0.133116883116883,0.00037466486540951,0.0193562616589441,0.0367011584617846,0.00299737713879196
309,41,0.132686084142395,0.000372428761221204,0.0192984134379281,0.0383502869392625,0.00298860503310479
310,41,0.132258064516129,0.000370212480279279,0.0192409064308124,0.0400552037778612,0.00297988263650024
311,41,0.131832797427653,0.000368015790836181,0.019183737665955,0.0418169511777736,0.00297120954581815
312,41,0.131410256410256,0.000365838464488612,0.0191269042055585,0.0436365567025985,0.00296258536194113
313,41,0.130990415335463,0.000363680276120467,0.0190704031452003,0.0455150318179472,0.00295400968975268
314,41,0.130573248407643,0.000361541003846876,0.0190142316133699,0.0474533704259931,0.00294548213809212
315,41,0.13015873015873,0.000359420428959356,0.0189583867710139,0.0494525473991049,0.0029370023197121
316,42,0.132911392405063,0.000364702386626616,0.0190971826882034,0.0356289700362737,-0.00732108268841158
317,42,0.132492113564669,0.000362580294661942,0.0190415412890328,0.037217424744161,0.00291359202448942
318,42,0.132075471698113,0.000360476545515202,0.0189862198848323,0.0388594034693646,0.00290530075064849
319,42,0.13166144200627,0.000358390930078681,0.0189312157580722,0.0405559172280355,0.00289705518495785
320,42,0.13125,0.0003563232421875,0.0188765262214079,0.0423079643507608,0.00288885496648468
321,42,0.130841121495327,0.00035427327857063,0.0188221486172708,0.0441165291226005,0.00288069973782635
322,42,0.130434782608696,0.000352240838802851,0.0187680803174659,0.0459825804175436,0.00287258914507292
323,42,0.130030959752322,0.000350225725257622,0.0187143187227754,0.0479070703295534,0.00286452283777006
324,42,0.12962962962963,0.000348227743060848,0.018660861262569,0.0498909328026662,0.0028565004688827
325,43,0.132307692307692,0.000353238051888939,0.018794628272167,0.0361172590606898,-0.00716831917433206
326,43,0.131901840490798,0.000351238481490607,0.0187413575146147,0.037699041380883,0.00283436079611909
327,43,0.131498470948012,0.000349255728092804,0.0186883848444108,0.0393331784680063,0.00282651190889506
328,43,0.13109756097561,0.00034728960512761,0.0186357077978705,0.0410206400285118,0.00281870514648143
329,43,0.130699088145897,0.000345339928582759,0.0185833239379493,0.0427623835692597,0.00281094018479698
330,43,0.13030303030303,0.000343406516960236,0.0185312308538919,0.0445593531247405,0.00280321670285216
331,43,0.129909365558912,0.000341489191235629,0.0184794261608858,0.0464124779788246,0.00279553438271902
332,43,0.129518072289157,0.000339587774818245,0.0184279074997202,0.04832267138378,0.0027878929094982
333,44,0.132132132132132,0.000344364059430477,0.0185570487801934,0.0350490483744873,-0.00700791885758716
334,44,0.131736526946108,0.000342461121000854,0.018505705093318,0.036573226464856,0.00276680238779375
335,44,0.13134328358209,0.000340573807283476,0.0184546418898736,0.0381476867190499,0.00275932222992331
336,44,0.130952380952381,0.000338701949033582,0.0184038569064634,0.0397733708513566,0.00275188127264551
337,44,0.130563798219585,0.000336845379270208,0.0183533479035899,0.0414512100377644,0.00274447922140599
338,44,0.130177514792899,0.000335003933240366,0.0183031126653465,0.0431821237290172,0.00273711578439678
339,44,0.129793510324484,0.00033317744838387,0.0182531489991144,0.0449670184574411,0.00272979067252868
340,44,0.129411764705882,0.000331365764298799,0.0182034547352638,0.0468067866386588,0.00272250359940354
341,44,0.129032258064516,0.00032956872270759,0.0181540277268597,0.0487023053708063,0.00271525428128741
342,45,0.131578947368421,0.000334110900519998,0.0182787007339143,0.0354810622139891,-0.00686751220888165
343,45,0.131195335276968,0.000332312301103592,0.0182294350187709,0.0369983995158867,0.00269525257076612
344,45,0.130813953488372,0.000330528090293936,0.0181804315211146,0.0385649614727178,0.00268815229906393
345,45,0.130434782608696,0.000328758116215994,0.0181316881788761,0.0401816534121621,0.00268108829990634
346,45,0.130057803468208,0.000327002228974662,0.0180832029512103,0.0418493705125034,0.0026740603074249
347,45,0.129682997118156,0.000325260280624231,0.0180349738182297,0.0435689966881478,0.00266706805817286
348,45,0.129310344827586,0.000323532125138382,0.0179869987807411,0.0453414034691682,0.00266011129110139
349,45,0.128939828080229,0.000321817618380717,0.0179392758599871,0.0471674488764719,0.00265318974753481
350,45,0.128571428571429,0.000320116618075802,0.0178918030973908,0.0490479762942972,0.00264630317114678
351,46,0.131054131054131,0.00032444144099082,0.0180122580758443,0.0358842843695869,-0.00673241136166673
352,46,0.130681818181818,0.000322738865279865,0.0179649343243961,0.037394237266837,0.00262730809479779
353,46,0.130311614730878,0.000321049568830338,0.0179178561449281,0.0389523906148666,0.00262055950875625
354,46,0.129943502824859,0.000319373414967414,0.0178710216542708,0.0405596156754995,0.00261384455140919
355,46,0.129577464788732,0.000317710268753964,0.0178244289881602,0.0422167739418843,0.00260716298217163
356,46,0.129213483146067,0.000316059996964406,0.0177780763010064,0.0439247160906277,0.00260051456260056
357,46,0.128851540616246,0.000314422468059009,0.0177319617656651,0.0456842809281162,0.00259389905637251
358,46,0.128491620111732,0.000312797552158643,0.0176860835732121,0.047496294332874,0.00258731622926437
359,46,0.128133704735376,0.000311185121019954,0.0176404399327215,0.0493615681955428,0.00258076584913205
360,47,0.130555555555556,0.000315307784636488,0.0177569080821096,0.0362600467819312,-0.00660233814078938
361,47,0.130193905817175,0.000313693774806768,0.0177114023952585,0.0377621320395364,0.0025627032950032
362,47,0.129834254143646,0.000312092045841462,0.0176661270753231,0.0393114256909557,0.00255628091582084
363,47,0.129476584022039,0.000310502474413285,0.0176210803985818,0.0409087670568904,0.00254988977205641
364,47,0.129120879120879,0.000308924938725084,0.0175762606582027,0.0425549860608319,0.00254352964547863
365,47,0.128767123287671,0.000307359318487367,0.0175316661640406,0.0442509022422387,0.00253720031975377
366,47,0.128415300546448,0.000305805494896212,0.0174872952424385,0.0459973237644864,0.00253090158042973
367,47,0.128065395095368,0.00030426335061154,0.0174431462360304,0.0477950464189508,0.00252463321491743
368,47,0.127717391304348,0.000302732769735761,0.0173992175035477,0.0496448526269279,0.00251839501247303
369,48,0.130081300813008,0.000306667089408682,0.0175119127855492,0.0366096224973821,-0.00647703162389614
370,48,0.12972972972973,0.000305134937713462,0.0174681120248716,0.0381034112917424,0.00250119796815217
371,48,0.129380053908356,0.000303614165927296,0.0174245277103081,0.0396434474171801,0.00249507871837381
372,48,0.129032258064516,0.000302104662481958,0.0173811582606556,0.0412305402020348,0.00248898853234533
373,48,0.128686327077748,0.000300606317160823,0.0173380021098402,0.0428654899385088,0.00248292721165436
374,48,0.128342245989305,0.00029911902107948,0.0172950577067404,0.0445490869524426,0.00247689455957671
375,48,0.128,0.000297642666666667,0.0172523235150129,0.0462821106677137,0.00247089038106223
376,48,0.127659574468085,0.000296177147645512,0.0172097980129202,0.0480653286673963,0.00246491448271782
377,48,0.127320954907162,0.000294722359015094,0.0171674796931609,0.0498994957528166,0.00245896667279203
378,49,0.12962962962963,0.000298480922623584,0.0172766004359534,0.0369342271678843,-0.0063562470870947
379,49,0.129287598944591,0.000297024579693229,0.0172344010540903,0.0384193397512535,0.002442574395322
380,49,0.128947368421053,0.000295578801574573,0.0171924053458082,0.0399497684587544,0.00243673732265558
381,49,0.128608923884514,0.00029414348709129,0.0171506118576362,0.0415262944164899,0.00243092733863433
382,49,0.128272251308901,0.00029271853626452,0.0171090191496918,0.0431496900648555,0.00242514426246886
383,49,0.127937336814621,0.000291303850296093,0.0170676257955257,0.0448207182801563,0.00241938791487531
384,49,0.127604166666667,0.000289899331552011,0.0170264303819682,0.0465401314915393,0.0024136581180624
385,49,0.127272727272727,0.000288504883546206,0.0169854315089787,0.0483086707946748,0.00240795469571662
386,50,0.129533678756477,0.00029211063425982,0.017091244374235,0.0358025714367774,-0.00622962479348289
387,50,0.129198966408269,0.000290714711853498,0.01705035811511,0.0372350207994301,0.00239223418902344
388,50,0.128865979381443,0.000289328708091507,0.0170096651375477,0.0387111217254965,0.00238663477256923
389,50,0.12853470437018,0.000287952529929693,0.0169691640904817,0.0402316363077635,0.00238106081093085
390,50,0.128205128205128,0.000286586085402653,0.0169288536352186,0.0417973191173069,0.00237551213767193
391,50,0.127877237851662,0.00028522928360893,0.0168887324453,0.0434089163787691,0.00236998858771348
392,50,0.127551020408163,0.000283882034696428,0.0168487992063656,0.0450671651398735,0.00236448999732434
393,50,0.127226463104326,0.000282544249848064,0.0168090526160181,0.0467727924370317,0.00235901620410685
394,50,0.126903553299492,0.000281215841267653,0.01676949138369,0.0485265144573843,0.00235356704698465
395,51,0.129113924050633,0.00028466713586552,0.0168720815510571,0.0360891178890116,-0.0061176671981141
396,51,0.128787878787879,0.000283337275417165,0.0168326253275348,0.0375131096700475,0.00233855102009066
397,51,0.128463476070529,0.000282016653366261,0.016793351463191,0.0389799035161477,0.00233319898586944
398,51,0.128140703517588,0.000280705184973883,0.01675425871156,0.0404902361997714,0.00232787074794217
399,51,0.12781954887218,0.000279402786461886,0.0167153458373402,0.0420448372551441,0.00232256615405627
400,51,0.1275,0.000278109375,0.0166766116162727,0.0436444281978066,0.00231728505317694
401,51,0.127182044887781,0.000276824868693125,0.0166380548350198,0.0452897217388108,0.00231202729547594
402,51,0.126865671641791,0.000275549186568827,0.0165996742910464,0.0469814209950769,0.00230679273232117
403,51,0.126550868486352,0.000274282248565018,0.016561468792502,0.0487202186965776,0.00230158121626437
404,52,0.128712871287129,0.000277588782307306,0.0166609958378035,0.0363542985725226,-0.00600955425804788
405,52,0.128395061728395,0.000276320419388041,0.0166228884189253,0.0377695483544252,0.00228722335982747
406,52,0.12807881773399,0.000275060675324762,0.0165849532807531,0.0392267758840828,0.00228210267771758
407,52,0.127764127764128,0.000273809472778377,0.0165471892712441,0.0407266940230686,0.00227700427427635
408,52,0.127450980392157,0.000272566735267733,0.0165095952484527,0.0422700086700334,0.00227192800995782
409,52,0.127139364303178,0.000271332387158343,0.0164721700804218,0.0438574180211739,0.00226687374631071
410,52,0.126829268292683,0.000270106353651282,0.0164349126450761,0.0454896118260767,0.00226184134596684
411,52,0.126520681265207,0.00026888856077225,0.0163978218301166,0.0471672706394689,0.00225683067263252
412,52,0.12621359223301,0.000267678935360799,0.0163608965329165,0.0488910650702456,0.00225184159107798
413,53,0.128329297820823,0.00027084961051244,0.0164575092438813,0.0365990847831602,-0.00590509882942336
414,53,0.128019323671498,0.000269638590430411,0.0164206756995688,0.0380053418076873,0.00223809956699264
415,53,0.127710843373494,0.000268435623755,0.0163840051194755,0.0394527765241108,0.00223319556175691
416,53,0.127403846153846,0.000267240639757339,0.0163474964369881,0.0409420791868612,0.00222831244382279
417,53,0.127098321342926,0.000266053568476585,0.0163111485946449,0.042473933354278,0.00222345008505495
418,53,0.126794258373206,0.000264874340710035,0.0162749605440393,0.0440490151872049,0.0022186083583035
419,53,0.126491646778043,0.000263702888003393,0.0162389312457253,0.0456679927433692,0.00221378713739266
420,53,0.126190476190476,0.000262539142641183,0.0162030596691237,0.0473315252676977,0.00220898629711371
421,53,0.125890736342043,0.000261383037637295,0.0161673447924294,0.0490402624802066,0.0022042057132181
422,54,0.127962085308057,0.000264426042729077,0.0162611820827724,0.0368244034271214,-0.00580412501543755
423,54,0.127659574468085,0.0002632685756849,0.0162255531703822,0.0382214474705945,0.00219104073792475
424,54,0.127358490566038,0.000262118644921647,0.0161900785952894,0.0396588925174753,0.00218633994911124
425,54,0.127058823529412,0.000260976185629961,0.0161547573683408,0.0411374074228684,0.00218165876963927
426,54,0.126760563380282,0.00025984113368966,0.0161195885086953,0.0426576546037652,0.00217699708164376
427,54,0.126463700234192,0.00025871342566105,0.0160845710437379,0.0442202893736523,0.00217235476814529
428,54,0.126168224299065,0.000257592998776369,0.0160497040089956,0.045825959272201,0.00216773171304598
429,54,0.125874125874126,0.000256479790931353,0.016014986448054,0.047475303392025,0.00216312780111958
430,54,0.125581395348837,0.000255373740676922,0.0159804174124746,0.0491689517022956,0.00215854291800514
431,55,0.127610208816705,0.00025829662046975,0.0160716091437588,0.0370311388120799,-0.00570646741761322
432,55,0.127314814814815,0.000257189242461769,0.0160371207659533,0.0384187773679489,0.00214591939718065
433,55,0.1270207852194,0.00025608892688602,0.0160027787238973,0.0398460627397284,0.00214140945604526
434,55,0.126728110599078,0.000254995614246696,0.0159685820988182,0.0413136435032593,0.00213691794838508
435,55,0.126436781609195,0.000253909245667825,0.0159345299795076,0.0428221620459766,0.00213244476559546
436,55,0.126146788990826,0.000252829762885619,0.0159006214622454,0.0443722539343716,0.00212798979987367
437,55,0.125858123569794,0.000251757108240926,0.0158668556507244,0.0459645472773178,0.00212355294421293
438,55,0.125570776255708,0.000250691224671796,0.0158332316559759,0.0475996620861478,0.00211913409239506
439,55,0.125284738041002,0.00024963205570615,0.0157997485962958,0.0492782096320576,0.00211473313898439
440,56,0.127272727272727,0.00025244177310293,0.0158884163182782,0.0372201344429904,-0.00561197043371117
441,56,0.126984126984127,0.000251381311741964,0.0158550090426327,0.0385982001789069,0.00210261834636904
442,56,0.126696832579186,0.000250327477813546,0.0158217406695201,0.0400151802062913,0.00209828786745752
443,56,0.126410835214447,0.000249280216602332,0.0157886103442428,0.0414717038623582,0.00209397473825917
444,56,0.126126126126126,0.000248239473951673,0.0157556172190007,0.0429683945367909,0.00208967885853974
445,56,0.125842696629213,0.000247205196256857,0.0157227604528231,0.0445058690701902,0.00208540012879095
446,56,0.125560538116592,0.000246177330458439,0.015690039211501,0.0460847371487555,0.00208113845022554
447,56,0.125279642058166,0.000245155824035668,0.0156574526675212,0.047705600695372,0.00207689372477044
448,56,0.125,0.000244140625,0.015625,0.0493690532586367,0.00207266585506269
449,57,0.126948775055679,0.000246843615963345,0.0157112576187696,0.0373921948030534,-0.00552048760125223
450,57,0.126666666666667,0.000245827160493827,0.015678876250989,0.0387605432627369,0.00206102964933073
451,57,0.126385809312639,0.000244816932410261,0.0156466268700401,0.0401670943444039,0.00205686813472071
452,57,0.126106194690265,0.000243812881307536,0.0156145086796715,0.0416124591141253,0.00205272296932795
453,57,0.125827814569536,0.000242814957285189,0.0155825208899327,0.0430972429230376,0.00204859406049814
454,57,0.125550660792952,0.00024182311094142,0.0155506627171134,0.0446220448345829,0.0020444813162363
455,57,0.125274725274725,0.000240837293367181,0.0155189333836827,0.0461874570483223,0.00204038464520075
456,57,0.125,0.000239857456140351,0.0154873321182298,0.0477940643203417,0.00203630395669881
457,57,0.12472647702407,0.000238883551319987,0.0154558581554046,0.0494424433813865,0.00203223916068115
458,58,0.126637554585153,0.000241485773698352,0.0155398125374263,0.0375480871039336,-0.00543188098503281
459,58,0.12636165577342,0.000240510648635338,0.0155084057412533,0.0389065946288841,0.00202105373519742
460,58,0.126086956521739,0.000239541382427879,0.0154771244883499,0.0403026131825254,0.00201705148971052
461,58,0.125813449023861,0.000238577928565253,0.0154459680358744,0.041736736460927,0.00201306466837166
462,58,0.125541125541126,0.000237620240993491,0.0154149356467515,0.0432095526693848,0.00200909318540335
463,58,0.125269978401728,0.000236668274110062,0.0153840265896176,0.044721643976728,0.00200513695562787
464,58,0.125,0.000235721982758621,0.0153532401387662,0.0462735859663205,0.00200119589446192
465,58,0.124731182795699,0.000234781322223838,0.0153225755740945,0.047865947083885,0.00199726991791203
466,58,0.124463519313305,0.00023384624822629,0.0152920321810507,0.0494992880831845,0.0019933589425701
467,59,0.126338329764454,0.000236353225260775,0.0153737837002078,0.0376885429953287,-0.00534602060662714
468,59,0.126068376068376,0.000235416967144997,0.0153433036581108,0.0390371048427572,0.00198259860365895
469,59,0.125799573560768,0.00023448622783091,0.01531294314725,0.0404225054528634,0.00197874665960925
470,59,0.125531914893617,0.000233560964333529,0.015282701473677,0.0418453219918316,0.00197490928309207
471,59,0.125265392781316,0.000232641134082078,0.0152525779487298,0.0433061263510235,0.00197108639458096
472,59,0.125,0.000231726694915254,0.015222571888983,0.0448054846267532,0.00196727791509711
473,59,0.124735729386892,0.000230817605076559,0.0151926826161991,0.0463439565966144,0.00196348376620146
474,59,0.124472573839662,0.000229913823209688,0.0151629094572806,0.0479220951931395,0.0019597038699933
475,59,0.124210526315789,0.000229015308353987,0.0151332517442216,0.0495404459750769,0.00195593814910476
476,60,0.126050420168067,0.000231432167528405,0.0152128947780626,0.037814260224638,-0.00526278391366867
477,60,0.125786163522013,0.000230532504378252,0.0151832968876411,0.0391527888618428,0.001945579119118
478,60,0.125523012552301,0.000229638045757523,0.0151538129115257,0.0405275026033613,0.00194186916936265
479,60,0.125260960334029,0.000228748751879386,0.0151244422006032,0.0419389628697471,0.00193817299276482
480,60,0.125,0.000227864583333333,0.015095184110614,0.0433877260145886,0.00193449051549218
481,60,0.124740124740125,0.000226985501080962,0.015066038002108,0.044874342828261,0.00193082166420932
482,60,0.12448132780083,0.00022611146645181,0.0150370032404003,0.0463993580383491,0.00192716636607578
483,60,0.124223602484472,0.000225242441139238,0.0150080791955279,0.0479633098069831,0.00192352454874028
484,60,0.12396694214876,0.000224378387196377,0.0149792652422065,0.0495667292263778,0.00191989614033869
485,61,0.125773195876289,0.000226709895000729,0.015056888622844,0.0379259042415623,-0.00518205528657984
486,61,0.125514403292181,0.000225844728103681,0.0150281312245961,0.0392543277986435,0.00190991638234217
487,61,0.125256673511294,0.00022498447485047,0.0149994824860883,0.0406183007185385,0.00190634072058924
488,61,0.125,0.000224129098360656,0.0149709417993878,0.042018369408909,0.00190277809431181
489,61,0.124744376278119,0.000223278562096323,0.0149425085610256,0.0434550754107912,0.00189922843487052
490,61,0.124489795918367,0.000222432829858307,0.0149141821719566,0.0449289549246216,0.00189569167407962
491,61,0.124236252545825,0.000221591865782474,0.0148859620375196,0.046440538332974,0.00189216774420599
492,61,0.123983739837398,0.000220755634336038,0.0148578475673981,0.0479903497207743,0.00188865657796346
493,61,0.123732251521298,0.000219924100313932,0.0148298381755814,0.0495789063933508,0.00188515810851091
494,62,0.125506072874494,0.000222174693413191,0.0149055256000314,0.038024109744154,-0.0051037255804035
495,62,0.125252525252525,0.000221342081152305,0.014877569732732,0.0393423706089833,0.00187553716987133
496,62,0.125,0.000220514112903226,0.0148497176034841,0.0406955623492499,0.00187208863734364
497,62,0.124748490945674,0.000219690754431491,0.0148219686422382,0.0420842170454572,0.00186865245433644
498,62,0.124497991967871,0.000218871971814938,0.0147943222830564,0.0435088621042537,0.00186522855695422
499,62,0.124248496993988,0.000218057731440327,0.0147667779640762,0.0449700198052422,0.00186181688171789
500,62,0.124,0.000217248,0.0147393351274744,0.0464682068452421,0.00185841736556151
501,62,0.12375249500998,0.000216442744488593,0.0147119932194313,0.0480039338794098,0.00185502994582869
502,62,0.123505976095618,0.000215641932199773,0.0146847516900959,0.0495777050606059,0.00185165456027086
503,63,0.125248508946322,0.000217815745433489,0.0147585820942762,0.0381094821630914,-0.00502769169941788
504,63,0.125,0.000217013888888889,0.0147313912747197,0.0394175357044555,0.00184237343280977
505,63,0.124752475247525,0.000216216426073545,0.0147042995777951,0.0407599182527932,0.00183904537048857
506,63,0.124505928853755,0.000215423325166045,0.014677306468356,0.0421371482036217,0.00183572901900594
507,63,0.124260355029586,0.000214634554630191,0.0146504114150488,0.0435497394640088,0.00183242431880836
508,63,0.124015748031496,0.000213850083211977,0.0146236138902796,0.0449982010193173,0.00182913121072387
509,63,0.1237721021611,0.000213069879936586,0.0145969133701816,0.0464830364970986,0.00182584963595893
510,63,0.123529411764706,0.000212293914105435,0.0145703093345829,0.048004743728362,0.00182257953609623
511,63,0.123287671232877,0.00021152215529325,0.0145438012669745,0.0495638143067844,0.0018193208530912
512,64,0.125,0.000213623046875,0.0146158491670857,0.0381825990841159,-0.00495385620228291
513,64,0.124756335282651,0.000212850276977571,0.0145893891913805,0.0394804124903479,0.00181036184779281
514,64,0.124513618677043,0.000212081668173134,0.0145630240051005,0.0408119690451677,0.00180714805357198
515,64,0.124271844660194,0.000211317190844557,0.0145367531053037,0.0421777740612321,0.00180394537478016
516,64,0.124031007751938,0.000210556815635614,0.0145105759925516,0.04357832854122,0.00180075375584312
517,64,0.123791102514507,0.000209800513448259,0.0144844921708791,0.0450141287630731,0.00179757314153695
518,64,0.123552123552124,0.000209048255439931,0.0144585011477653,0.0464856658626948,0.00179440347698565
519,64,0.123314065510597,0.000208300013020897,0.0144326024341037,0.047993425414039,0.00179124470765777
520,64,0.123076923076923,0.000207555757851616,0.0144067955441734,0.0495378870070288,0.00178809677936527
521,65,0.124760076775432,0.000209587332089098,0.0144771313487548,0.0382440116080396,-0.00488212693556116
522,65,0.124521072796935,0.000208842098134934,0.014451370112724,0.0395315628296838,0.00177944341390211
523,65,0.124282982791587,0.000208100808757195,0.0144256995933367,0.0408522867684002,0.00177633810407471
524,65,0.124045801526718,0.000207363436355557,0.0144001193174069,0.0422066762192738,0.00177324335393666
525,65,0.123809523809524,0.000206629953568729,0.0143746288149896,0.0435952198388956,0.00177015911156682
526,65,0.123574144486692,0.000205900333272004,0.014349227619353,0.0450184017483672,0.00176708532536602
527,65,0.123339658444023,0.000205174548574828,0.0143239152669523,0.046476701133527,0.00176402194405423
528,65,0.123106060606061,0.000204452572818404,0.0142986912974022,0.0479705918427997,0.00176096891666921
529,65,0.122873345935728,0.000203734379573321,0.0142735552534511,0.0495005419829735,0.00175792619256383
530,66,0.124528301886792,0.00020570000738865,0.0143422455490293,0.0382942456485566,-0.00481241669356182
531,66,0.124293785310734,0.000204980866749272,0.014317152885587,0.039571522435083,0.00174956309013692
532,66,0.12406015037594,0.000204265468918494,0.014292147106663,0.0408814163755285,0.00174656086471037
533,66,0.123827392120075,0.000203553788144121,0.0142672277666028,0.0422244082785687,0.00174356867965568
534,66,0.123595505617978,0.000202845798893285,0.0142423944227537,0.0436009749791501,0.0017405864864103
535,66,0.123364485981308,0.000202141475850235,0.0142176466354399,0.0450115889584652,0.00173761423670654
536,66,0.123134328358209,0.000201440793914145,0.014192983967938,0.0464567179607087,0.00173465188257141
537,66,0.122905027932961,0.000200743728196944,0.0141684059864525,0.0479368246075703,0.00173169937632426
538,66,0.122676579925651,0.000200050254021182,0.0141439122600921,0.0494523660110238,0.00172875667057452
539,67,0.12430426716141,0.000201953091515538,0.0142110200730116,0.03833380316937,-0.00474464290257706
540,67,0.124074074074074,0.000201258700401362,0.014186567604652,0.0396008021908433,0.0017206694687602
541,67,0.123844731977819,0.000200567863843181,0.014162198411376,0.0408998771369323,0.00171776528016504
542,67,0.123616236162362,0.000199880557784895,0.0141379120730359,0.0422314973290478,0.0017148706461134
543,67,0.123388581952118,0.00019919675837194,0.0141137081722678,0.043596128273784,0.00171198552113215
544,67,0.123161764705882,0.000198516441949293,0.0140895862944691,0.0449942312983278,0.00170910986002181
545,67,0.122935779816514,0.000197839585059485,0.014065546027776,0.0464262631829406,0.00170624361785411
546,67,0.122710622710623,0.000197166164440648,0.0140415869630412,0.0478926757912042,0.00170338674997035
547,67,0.122486288848263,0.000196496157024576,0.0140177086938121,0.0493939156989538,0.00170053921197884
548,68,0.124087591240876,0.000198339162300937,0.0140832937305496,0.0383631633618672,-0.00467872732769697
549,68,0.123861566484517,0.000197668267454497,0.0140594547353195,0.0396198894077729,0.00169271448044734
550,68,0.123636363636364,0.000197000751314801,0.0140356956120743,0.0409081639705976,0.0016899036052591
551,68,0.123411978221416,0.00019633659138456,0.0140120159643272,0.042228445354805,0.0016871018296178
552,68,0.123188405797101,0.000195675765351939,0.0139884153981764,0.0435811882028437,0.00168430911089919
553,68,0.122965641952984,0.000195018251088742,0.0139648935222844,0.0449668431449169,0.00168152540673213
554,68,0.122743682310469,0.000194364026648621,0.0139414499478577,0.0463858564466598,0.0016787506749951
555,68,0.122522522522523,0.000193713070265298,0.013918084288626,0.0478386696545906,0.00167598487381547
556,68,0.122302158273381,0.000193065360350817,0.0138947961608228,0.0493257192393569,0.00167322796156765
557,69,0.123877917414722,0.00019485130878225,0.0139589150288355,0.0383827837656024,-0.0046145958005104
558,69,0.123655913978495,0.000194202739993974,0.0139356643183587,0.0396292490128335,0.00166565312768401
559,69,0.123434704830054,0.00019355738546256,0.0139124902681928,0.0409067487008761,0.00166293114102134
560,69,0.123214285714286,0.000192915224125364,0.013889392503827,0.0422157305605057,0.00166021782733481
561,69,0.122994652406417,0.000192276235090627,0.0138663706531532,0.0435566388069423,0.00165751314663046
562,69,0.122775800711744,0.000191640397635825,0.0138434243464479,0.0449299138041139,0.00165481705914658
563,69,0.122557726465364,0.000191007691206048,0.0138205532163531,0.0463359917263812,0.00165212952535323
564,69,0.122340425531915,0.000190378095412385,0.0137977568978579,0.047775304217653,0.0016494505059507
565,69,0.12212389380531,0.000189751590030335,0.0137750350282798,0.0492482780495024,0.00164677996186657
566,70,0.123674911660777,0.000191483088138651,0.013837741439218,0.0383931013323274,-0.00455217796611614
567,70,0.123456790123457,0.000190855751491833,0.0138150552475129,0.0396293246768108,0.00163944324330293
568,70,0.123239436619718,0.000190231475143262,0.013792442682254,0.0408960812484065,0.00163680599561561
569,70,0.123022847100176,0.000189610239352447,0.0137699033893651,0.0421938086220203,0.00163417702057525
570,70,0.12280701754386,0.000188992024536565,0.0137474370170066,0.0435229409980404,0.0016315562806173
571,70,0.122591943957968,0.000188376811268958,0.0137250432155588,0.0448839088800903,0.00162894373839335
572,70,0.122377622377622,0.000187764580277662,0.013702721637604,0.046277138749737,0.0016263393567682
573,70,0.12216404886562,0.000187155312443941,0.0136804719379099,0.0477030527396136,0.00162374309881981
574,70,0.121951219512195,0.000186548988800842,0.0136582937734126,0.0491620683042591,0.00162115492783735
575,71,0.123478260869565,0.00018822848689077,0.01371963873033,0.038394533437154,-0.00449140704798327
576,71,0.123263888888889,0.0001876213586543,0.0136974946123114,0.0396205398824385,0.0016140452714417
577,71,0.123050259965338,0.000187017146425998,0.013675421252232,0.0408765907544366,0.00161148886742999
578,71,0.122837370242215,0.000186415831685453,0.0136534183150394,0.0421631138664963,0.00160894035999073
579,71,0.122625215889465,0.000185817396057905,0.0136314854677656,0.0434805337934833,0.00160639971380795
580,71,0.122413793103448,0.000185221821312887,0.013609622379511,0.04482927156153,0.00160386689376488
581,71,0.122203098106713,0.000184629089362881,0.0135878287214286,0.0462097443359011,0.00160134186494336
582,71,0.121993127147766,0.000184039182261985,0.0135661041667085,0.0476223651063937,0.00159882459262228
583,71,0.121783876500858,0.000183452082204599,0.0135444483905621,0.0490675423711906,0.00159631504227598
584,72,0.123287671232877,0.000185081885881594,0.0136044803605869,0.0383874788382027,-0.00443221962930802
585,72,0.123076923076923,0.000184494006979214,0.0135828570992709,0.0396032989362812,0.00158942206852723
586,72,0.122866894197952,0.000183908908716897,0.0135613018813422,0.0408486866437954,0.00158694284796848
587,72,0.122657580919932,0.000183326573701537,0.0135398143894788,0.0421240603853832,0.00158447117035342
588,72,0.122448979591837,0.000182746984674753,0.0135183943083028,0.0434298354778463,0.00158200700244937
589,72,0.122241086587436,0.000182170124511646,0.0134970413243661,0.0447664238316177,0.0015795503112071
590,72,0.122033898305085,0.000181595976219575,0.0134757551261358,0.0461342336508659,0.00157710106376238
591,72,0.121827411167513,0.000181024522936945,0.0134545354039798,0.0475336691306028,0.00157465922743354
592,72,0.121621621621622,0.000180455747932008,0.0134333818501526,0.0489651301531101,0.00157222476972033
593,73,0.123102866779089,0.000182038028616963,0.0134921469239318,0.0383723185867518,-0.00437455544961011
594,73,0.122895622895623,0.000181468499610639,0.013471024445477,0.0395779879262537,0.00156553872218436
595,73,0.122689075630252,0.000180901624119742,0.0134499674393562,0.0408127596291331,0.00156313324246773
596,73,0.12248322147651,0.000180337385794037,0.0134289756047897,0.0420770430839962,0.00156073497286334
597,73,0.122278056951424,0.000179775768408054,0.0134080486428135,0.0433712446969143,0.00155834388206943
598,73,0.122073578595318,0.000179216755859951,0.0133871862562658,0.0446957676048031,0.00155595993895515
599,73,0.121869782971619,0.0001786603321704,0.0133663881497733,0.0460510113862326,0.00155358311256132
600,73,0.121666666666667,0.000178106481481481,0.0133456540297387,0.0474373717705993,0.00155121337209802
601,73,0.121464226289517,0.000177555188055585,0.013324983604327,0.0488552403455285,0.00154885068694405
602,74,0.122923588039867,0.000179091992596798,0.0133825256434201,0.0383494168911082,-0.00431835721541951
603,74,0.122719734660033,0.00017853996912936,0.0133618849392352,0.0395449756282588,0.0015423623862135
604,74,0.122516556291391,0.000177990479678625,0.0133413072702275,0.0407691826597017,0.00154002740640952
605,74,0.122314049586777,0.000177443508860265,0.0133207923510677,0.0420224386714802,0.00153769932317725
606,74,0.122112211221122,0.000176899041405627,0.0133003398981239,0.0433051414881439,0.00153537810700708
607,74,0.121911037891269,0.000176357062160696,0.0132799496294487,0.0446176857961587,0.00153306372854976
608,74,0.121710526315789,0.000175817556085071,0.0132596212647674,0.04596046286636,0.00153075615861524
609,74,0.121510673234811,0.000175280508250959,0.0132393545254653,0.0473338602734811,0.00152845536816983
610,74,0.121311475409836,0.000174745903842172,0.0132191491345764,0.048738261614607,0.0015261613283387
611,75,0.122749590834697,0.000176239163313603,0.0132755099078568,0.0383191219352037,-0.00426357042398152
612,75,0.122549019607843,0.000175703851962418,0.0132553329630914,0.0395046143642707,0.00151986212999803
613,75,0.122349102773246,0.000175170962192215,0.0132352167414144,0.0407183118176821,0.00151759459630693
614,75,0.12214983713355,0.000174640479514328,0.0132151609719416,0.0419606065950917,0.00151533366356004
615,75,0.121951219512195,0.000174112389547453,0.0131951653853771,0.0432318882507164,0.00151307930391385
616,75,0.121753246753247,0.000173586678016704,0.0131752297140014,0.0445325433271777,0.00151083148967563
617,75,0.121555915721232,0.000173063330752682,0.0131553536916604,0.0458629550880299,0.00150859019329876
618,75,0.121359223300971,0.000172542333690544,0.013135537053754,0.0472235032479485,0.00150635538738423
619,75,0.121163166397415,0.000172023672869091,0.013115779537225,0.0486145637011192,0.00150412704467862
620,76,0.12258064516129,0.000173475210634084,0.0131709988472433,0.0382817666549866,-0.00421014319900124
621,76,0.122383252818035,0.000172955865133192,0.0131512685750536,0.039457240814328,0.00149800880089175
622,76,0.122186495176849,0.000172438835326763,0.0131315968308033,0.040660487165401,0.00149580583333246
623,76,0.12199036918138,0.000171924107557578,0.0131119833571271,0.0418918899209952,0.00149360918774209
624,76,0.121794871794872,0.000171411668268177,0.013092427898147,0.0431518306601887,0.00149141883782867
625,76,0.1216,0.000170901504,0.0130729301994618,0.0444406880720768,0.00148923475743901
626,76,0.121405750798722,0.000170393601392525,0.0130534900081367,0.0457588376978517,0.00148705692055762
627,76,0.121212121212121,0.000169887947182423,0.0130341070726929,0.0471066516709662,0.00148488530130491
628,76,0.121019108280255,0.000169384528202718,0.0130147811430972,0.0484844984554041,0.00148271987393848
629,76,0.120826709062003,0.000168883331381954,0.0129955119707518,0.0498927425829948,0.00148056061285057
630,77,0.122222222222222,0.0001702919851068,0.01304959712431,0.0394031767851123,-0.0041618332298023
631,77,0.12202852614897,0.000169790118787449,0.0130303537475944,0.0405960335455628,0.00147463377851783
632,77,0.121835443037975,0.000169290455471068,0.0130111665684161,0.0418166161657783,0.00147249871722868
633,77,0.121642969984202,0.000168792982365916,0.0129920353434678,0.0430652985298072,0.00147036968958227
634,77,0.121451104100946,0.000168297686772251,0.012972959830827,0.0443424517484554,0.00146824667086059
635,77,0.121259842519685,0.000167804556081553,0.0129539397899463,0.0456484439107522,0.00146612963647359
636,77,0.121069182389937,0.000167313577775738,0.0129349749816433,0.0469836398333614,0.00146401856195868
637,77,0.120879120879121,0.000166824739426392,0.0129160651680917,0.0483484008085532,0.00146191342297983
638,77,0.120689655172414,0.000166338028694009,0.0128972101128116,0.0497430843505659,0.00145981419532737
639,78,0.122065727699531,0.00016770842851442,0.0129502288981477,0.0393427299371431,-0.00411087241910486
640,78,0.121875,0.000167221069335937,0.0129313985839095,0.04052526133751,0.00145405261839658
641,78,0.121684867394696,0.000166735819722045,0.0129126224959164,0.041735098081065,0.00145197658794086
642,78,0.121495327102804,0.000166252667593437,0.0128939004026492,0.0429726066224851,0.00144990634343257
643,78,0.121306376360809,0.000165771600956483,0.0128752320738883,0.0442381507556553,0.00144784186149088
644,78,0.12111801242236,0.000165292607902511,0.0128566172807046,0.0455320913737641,0.00144578311885532
645,78,0.12093023255814,0.000164815676607091,0.0128380557954502,0.0468547862278581,0.00144373009238369
646,78,0.120743034055728,0.000164340795329327,0.0128195473917501,0.0482065896834997,0.00144168275905292
647,78,0.120556414219474,0.000163867952411155,0.0128010918444934,0.04958785247624,0.00143964109595659
648,79,0.121913580246914,0.000165201634565267,0.0128530787971313,0.0392761944731602,-0.00406113425866288
649,79,0.121725731895223,0.000164728163466557,0.0128346469942323,0.0404484671724575,0.00143403796008031
650,79,0.121538461538462,0.000164256713700501,0.0128162675417026,0.0416476343942877,0.00143201854620188
651,79,0.121351766513057,0.000163787273851332,0.0127979402190873,0.0428740554166192,0.00143000468394595
652,79,0.121165644171779,0.000163319832583155,0.0127796648071518,0.0441280869645668,0.00142799635118045
653,79,0.120980091883614,0.000162854378639275,0.0127614410878738,0.045410082979097,0.00142599352588512
654,79,0.120795107033639,0.000162390900841546,0.0127432688444349,0.0467203943838319,0.0014239961861512
655,79,0.120610687022901,0.000161929388089717,0.0127251478612123,0.0480593688505635,0.00142200431018043
656,79,0.120426829268293,0.00016146982936079,0.0127070779237711,0.0494273505631413,0.00142001787628396
657,80,0.121765601217656,0.000162768248976802,0.0127580660359163,0.0392038517898176,-0.00401257570396133
658,80,0.121580547112462,0.000162308081574919,0.0127400189001005,0.0403659346088642,0.00141456673487964
659,80,0.121396054628225,0.000161849852122801,0.0127220223283408,0.0415545105077162,0.00141260165317549
660,80,0.121212121212121,0.000161393549823302,0.0127040761105758,0.04276993182776,0.0014106419012494
661,80,0.121028744326778,0.000160939163953799,0.0126861800378916,0.0440125484612779,0.00140868745813665
662,80,0.120845921450151,0.000160486683865582,0.0126683339025138,0.0452827076284879,0.00140673830297553
663,80,0.120663650075415,0.000160036098983247,0.0126505374978001,0.0465807536521592,0.00140479441500933
664,80,0.120481927710843,0.0001595873988041,0.0126327906182324,0.0479070277314609,0.00140285577358417
665,80,0.120300751879699,0.000159140572897561,0.0126150930594095,0.0492618677140767,0.00140092235814926
666,81,0.121621621621622,0.000160405109272896,0.0126651138673482,0.0391259710944167,-0.00396515568320912
667,81,0.12143928035982,0.000159957693471528,0.0126474382177391,0.0402779347716149,0.00139561710966297
668,81,0.12125748502994,0.000159512136757716,0.0126298114300141,0.0414559991591589,0.00139370419697017
669,81,0.121076233183857,0.000159068428911607,0.0126122333038842,0.042660509890012,0.0013917964038732
670,81,0.12089552238806,0.000158626559782952,0.0125947036401399,0.0438918102483856,0.00138989371049675
671,81,0.120715350223547,0.000158186519290541,0.0125772222406437,0.0451502409535658,0.00138799609706408
672,81,0.120535714285714,0.000157748297421647,0.0125597889083235,0.0464361399432423,0.00138610354389488
673,81,0.12035661218425,0.000157311884231471,0.0125424034471656,0.0477498421542546,0.00138421603140652
674,81,0.120178041543027,0.000156877269842595,0.0125250656622069,0.0490916793030314,0.00138233354011148
675,82,0.121481481481481,0.000158109231316364,0.0125741493277424,0.0390428099888101,-0.00391883498731305
676,82,0.121301775147929,0.000157674045109305,0.0125568326065654,0.0401847269563195,0.00137716840524062
677,82,0.121122599704579,0.000157240643346209,0.0125395631242164,0.0413523610454759,0.00137530561170128
678,82,0.12094395280236,0.000156809016346461,0.012522340689602,0.0425460513986957,0.00137344773848014
679,82,0.120765832106038,0.000156379154494513,0.012505165112645,0.0437661349054683,0.00137159476672254
680,82,0.120588235294118,0.000155951048239365,0.0124880362042783,0.0450129459940468,0.0013697466776657
681,82,0.120411160058737,0.000155524688094047,0.0124709537764378,0.0462868164217947,0.00136790345263843
682,82,0.120234604105572,0.000155100064635115,0.012453917642056,0.0475880750637408,0.00136606507305909
683,82,0.120058565153734,0.000154677168502138,0.0124369276150558,0.0489170477000167,0.00136423152043757
684,83,0.121345029239766,0.000155877796956968,0.0124851030014561,0.0389546150227178,-0.00387357616699265
685,83,0.121167883211679,0.000155454346408292,0.0124681332367076,0.040086559200654,0.00135920102113486
686,83,0.120991253644315,0.000155032609600426,0.0124512091621828,0.0412438454124592,0.00135738640287413
687,83,0.120815138282387,0.000154612577356907,0.0124343305954485,0.0424268065170199,0.00135557651586107
688,83,0.120639534883721,0.000154194240562152,0.012417497355029,0.0436357732128674,0.00135377134219661
689,83,0.120464441219158,0.000153777590160978,0.0124007092604003,0.0448710738366416,0.00135197086406894
690,83,0.120289855072464,0.00015336261715813,0.0123839661319841,0.0461330341609249,0.00135017506375055
691,83,0.120115774240232,0.000152949312617802,0.0123672677911413,0.0474219771894544,0.00134838392359977
692,83,0.119942196531792,0.000152537667663181,0.0123506140601664,0.0487382229521857,0.00134659742605818
693,84,0.121212121212121,0.000153708142688859,0.0123979088030546,0.0388616222173252,-0.00382934343651163
694,84,0.121037463976945,0.000153295960073451,0.0123812745738656,0.0399836688253618,0.00134169636615701
695,84,0.120863309352518,0.000152885424179677,0.0123646845564162,0.0411306906116376,0.00133992807852206
696,84,0.120689655172414,0.000152476526302841,0.012348138576435,0.0423030143490825,0.00133816434262638
697,84,0.12051649928264,0.000152069257795262,0.0123316364605539,0.0435009647391349,0.00133640514146726
698,84,0.120343839541547,0.000151663610065825,0.0123151780363024,0.0447248642174975,0.00133465045812333
699,84,0.120171673819742,0.000151259574579548,0.0122987631321019,0.0459750327577993,0.00133290027575259
700,84,0.12,0.000150857142857143,0.0122823915772598,0.0472517876745202,0.00133115457759384
701,84,0.119828815977175,0.000150456306474584,0.0122660632019644,0.0485554434242032,0.00132941334696368
702,84,0.11965811965812,0.000150057057062682,0.0122497778372786,0.0498863114055426,0.00132767656725924
703,85,0.120910384068279,0.000151196391312575,0.0122961941800126,0.0398762829459044,-0.00378915792192631
704,85,0.120738636363636,0.000150796616552111,0.0122799273838289,0.0410131246271886,0.00132291308558805
705,85,0.120567375886525,0.000150398416678528,0.0122637032204195,0.0421749034808408,0.00132119375809518
706,85,0.120396600566572,0.000150001783482416,0.0122475215240642,0.0433619383965432,0.00131947879563652
707,85,0.12022630834512,0.000149606708807389,0.0122313821298899,0.0445745460901059,0.00131776818212626
708,85,0.120056497175141,0.000149213184549684,0.0122152848738654,0.0458130409142561,0.00131606190155385
709,85,0.119887165021157,0.000148821202657752,0.0121992295927961,0.0470777346673947,0.00131435993798348
710,85,0.119718309859155,0.000148430755131862,0.0121832161243188,0.0483689364015512,0.00131266227555398
711,85,0.119549929676512,0.000148041834023703,0.0121672443068964,0.0496869522292527,0.00131096889847774
712,86,0.120786516853933,0.000149153278371106,0.0122128325285785,0.0397646189569561,-0.00374679923672334
713,86,0.120617110799439,0.000148763847660357,0.0121968786031655,0.0408913655741651,0.00130632475108841
714,86,0.120448179271709,0.000148375931907338,0.012180965967744,0.0420426924917638,0.00130464817592033
715,86,0.12027972027972,0.0001479895233135,0.0121650944638133,0.0432189129643568,0.00130297580444526
716,86,0.120111731843575,0.000147604614130045,0.0121492639336729,0.0444203381613555,0.00130130762136221
717,86,0.119944211994421,0.000147221196657543,0.0121334742204178,0.0456472769837592,0.00129964361144126
718,86,0.119777158774373,0.00014683926324556,0.0121177251679331,0.0469000358795524,0.00129798375952194
719,86,0.119610570236439,0.000146458806292285,0.0121020166208895,0.0481789186574783,0.00129632805051517
720,86,0.119444444444444,0.00014607981824417,0.0120863484247381,0.0494842263003647,0.00129467646939989
721,87,0.120665742024965,0.000147164383809334,0.0121311328328946,0.0396488849910671,-0.0037053712653877
722,87,0.120498614958449,0.000146784901317928,0.0121154818855021,0.0407656221696569,0.00129014722764701
723,87,0.120331950207469,0.00014640687685579,0.0120998709437659,0.0419065904379632,0.00128851183004503
724,87,0.120165745856354,0.000146030303009862,0.0120842998560058,0.0430720975842473,0.00128688048264811
725,87,0.12,0.000145655172413793,0.0120687684712979,0.0442624493969989,0.00128525317089191
726,87,0.119834710743802,0.000145281477747591,0.0120532766394699,0.0454779494874307,0.00128362988028059
727,87,0.119669876203576,0.000144909211737272,0.012037824211097,0.0467188991110679,0.00128201059638278
728,87,0.119505494505495,0.000144538367154522,0.0120224110374967,0.047985596987394,0.00128039530483422
729,87,0.119341563786008,0.000144168936816349,0.0120070369707247,0.0492783391191288,0.00127878399133498
730,88,0.120547945205479,0.000145227586455091,0.0120510408867903,0.0395292803532747,-0.00366484388887023
731,88,0.120383036935705,0.000144857676270645,0.0120356834567317,0.0406360941789348,0.00127436544302274
732,88,0.120218579234973,0.000144489170002319,0.0120203648032129,0.0417667973092425,0.0012727697246183
733,88,0.120054570259209,0.000144122060599025,0.0120050847810011,0.0429216922273869,0.00127117791031122
734,88,0.119891008174387,0.000143756341053564,0.0119898432455793,0.0441010794991118,0.00126958998623162
735,88,0.119727891156463,0.000143392004402298,0.0119746400531414,0.0453052576007124,0.00126800593857204
736,88,0.119565217391304,0.000143029043724829,0.0119594750605881,0.0465345227460055,0.00126642575358811
737,88,0.119402985074627,0.000142667452143684,0.011944348125523,0.0477891687125627,0.00126484941759731
738,88,0.119241192411924,0.000142307222823993,0.0119292591062477,0.0490694866657415,0.00126327691697752
739,89,0.12043301759134,0.000143340873971832,0.0119725049163419,0.0394059959325775,-0.00362518826266656
740,89,0.12027027027027,0.000142980178864036,0.0119574319510519,0.0405029728375624,0.00125896505329555
741,89,0.120107962213225,0.000142620836202715,0.0119423965853892,0.0416235044614592,0.00125740758753456
742,89,0.119946091644205,0.000142262839276934,0.0119273986802208,0.0427678881367312,0.00125585388670515
743,89,0.11978465679677,0.000141906181417025,0.011912438097091,0.0439364193574801,0.00125430393759097
744,89,0.119623655913978,0.000141550855994291,0.0118975146982171,0.0451293916128871,0.00125275772703467
745,89,0.119463087248322,0.000141196856420701,0.0118826283464855,0.0463470962199184,0.00125121524193653
746,89,0.119302949061662,0.000140844176148596,0.011867778905448,0.0475898221545404,0.00124967646925563
747,89,0.119143239625167,0.000140492808670398,0.0118529662393174,0.0488578558816996,0.00124814139601003
748,90,0.120320855614973,0.00014150233598804,0.0118954754418661,0.0392792145920206,-0.00358637675080216
749,90,0.120160213618158,0.000141150516263546,0.0118806782745577,0.0403664412512802,0.0012439323994049
750,90,0.12,0.0001408,0.0118659175793531,0.0414768950255239,0.00124241182729549
751,90,0.119840213049268,0.000140450780806357,0.0118511932228935,0.0426108682443822,0.0012408948874878
752,90,0.11968085106383,0.000140102852330408,0.0118365050724616,0.0437686514748678,0.00123938156738053
753,90,0.119521912350598,0.000139756208258504,0.0118218529959776,0.0449505333608759,0.00123787185442716
754,90,0.119363395225464,0.00013941084231527,0.0118072368619957,0.046156800460473,0.00123636573613708
755,90,0.119205298013245,0.000139066748263336,0.0117926565397003,0.0473877370827092,0.00123486320007367
756,90,0.119047619047619,0.000138723919903058,0.0117781118989021,0.0486436251229353,0.00123336423385663
757,90,0.11889035667107,0.000138382351072253,0.0117636028100346,0.0499247438975393,0.00123186882515819
758,91,0.120052770448549,0.000139366890179653,0.0118053754781308,0.0402266747745416,-0.00355100973492818
759,91,0.119894598155468,0.000139024879431629,0.0117908811982663,0.0413271442947578,0.00122776949292329
760,91,0.119736842105263,0.000138684119405161,0.0117764221818497,0.0424508075672014,0.00122628802491284
761,91,0.11957950065703,0.00013834460404684,0.0117619983016,0.0435979503707459,0.00122481005070853
762,91,0.119422572178478,0.000138006327339572,0.0117476094308405,0.0447688566391974,0.00122333555834005
763,91,0.119266055045872,0.000137669283302315,0.0117332554434954,0.0459638083042175,0.00122186453589039
764,91,0.119109947643979,0.000137333465989827,0.0117189362140864,0.0471830851369102,0.00122039697149331
765,91,0.118954248366013,0.000136998869492405,0.011704651617729,0.0484269645880984,0.00121893285333473
766,91,0.118798955613577,0.00013666548793564,0.0116904015301289,0.0496957216283832,0.00121747216965204
767,92,0.119947848761408,0.000137627591054652,0.0117314786388866,0.0400838413694943,-0.00351374661099768
768,92,0.119791666666667,0.000137293780291522,0.0117172428621891,0.0411744200911836,0.00121346823667071
769,92,0.11963589076723,0.000136961176082655,0.0117030413176514,0.0422878735807382,0.00121202101081277
770,92,0.119480519480519,0.000136629772656084,0.0116888738831456,0.0434244829614371,0.00121057715863629
771,92,0.119325551232166,0.000136299564274067,0.0116747404371175,0.04458452758711,0.00120913666871569
772,92,0.119170984455959,0.000135970545232845,0.0116606408585826,0.0457682848897333,0.0012076995296739
773,92,0.11901681759379,0.000135642709862402,0.0116465750271229,0.0469760302257026,0.00120626573018312
774,92,0.118863049095607,0.000135316052526231,0.011632542822884,0.0482080367217685,0.00120483525896412
775,92,0.118709677419355,0.000134990567621094,0.0116185441265717,0.0494645751187066,0.00120340810478596
776,93,0.119845360824742,0.000135930992672074,0.0116589447495077,0.0399381019461378,-0.00347725347478372
777,93,0.11969111969112,0.000135605090808502,0.0116449598886601,0.0410188831130626,0.00119949627930781
778,93,0.119537275064267,0.000135280353386217,0.0116310082704045,0.0421222265730115,0.00119808212213479
779,93,0.119383825417202,0.000134956774898532,0.0116170897775016,0.0432484089208644,0.00119667122396292
780,93,0.119230769230769,0.000134634349871036,0.0116032042932561,0.044397705054952,0.00119526357387894
781,93,0.119078104993598,0.000134313072861372,0.0115893517015134,0.0455703880288935,0.00119385916101679
782,93,0.118925831202046,0.000133992938459013,0.011575531886657,0.0467667289032106,0.00119245797455606
783,93,0.118773946360153,0.000133673941285043,0.011561744733605,0.0479869965950181,0.00119106000372294
784,93,0.118622448979592,0.000133356075991934,0.0115479901278072,0.0492314577273279,0.00118966523778874
785,94,0.119745222929936,0.000134275547153371,0.0115877326148549,0.0397896106848577,-0.00344150684298795
786,94,0.119592875318066,0.000133957276706391,0.0115739913904578,0.0408606872640649,0.00118584237777732
787,94,0.119440914866582,0.000133640130524035,0.0115602824586614,0.0419540199800377,0.00118446016882869
788,94,0.119289340101523,0.00013332410334983,0.011546605706866,0.0430698810214073,0.00118308110933868
789,94,0.119138149556401,0.000133009189957766,0.0115329610229882,0.044208540950197,0.0011817051888791
790,94,0.118987341772152,0.000132695385152087,0.0115193482954587,0.0453702685586749,0.00118033239706588
791,94,0.118836915297092,0.000132382683767085,0.0115057674132187,0.0465553307245109,0.00117896272355841
792,94,0.118686868686869,0.000132071080666887,0.0114922182657173,0.0477639922658315,0.00117759615805977
793,94,0.118537200504414,0.000131760570745259,0.011478700742909,0.0489965157947428,0.00117623269031594
794,95,0.119647355163728,0.00013265978030989,0.0115178027552954,0.0396385153421238,-0.00340648417118029
795,95,0.119496855345912,0.000132348876614277,0.0115042981799968,0.040699979964901,0.00117249579503479
796,95,0.119346733668342,0.000132039058832964,0.0114908249848722,0.0417834007032413,0.0011711444638963
797,95,0.119196988707654,0.000131730321945648,0.0114773830617283,0.0428890454567229,0.0011697961775284
798,95,0.119047619047619,0.000131422660960792,0.0114639723028622,0.0440171805658241,0.00116845092596078
799,95,0.118898623279099,0.000131116070915437,0.0114505926010594,0.0451680706728415,0.00116710869926506
800,95,0.11875,0.000130810546875,0.0114372438495907,0.0463419785820264,0.00116576948755391
801,95,0.118601747815231,0.000130506083933088,0.0114239259422095,0.0475391651182596,0.00116443328098115
802,95,0.118453865336658,0.000130202677211301,0.0114106387731494,0.0487598889853342,0.00116310006974222
803,96,0.119551681195517,0.000131082287321099,0.0114491173162432,0.0394849575408874,-0.0033721638077164
804,96,0.119402985074627,0.000130778497798377,0.0114358426798543,0.040536902449032,0.00115944627189866
805,96,0.119254658385093,0.000130475757563414,0.01142259854689,0.0416105094102808,0.00115812479544116
806,96,0.119106699751861,0.000130174061818959,0.0114093848133438,0.0427060421476045,0.00115680626365373
807,96,0.118959107806691,0.000129873405794953,0.0113962013756757,0.0438237628896594,0.00115549066699939
808,96,0.118811881188119,0.000129573784748341,0.0113830481308102,0.0449639322365283,0.00115417799598153
809,96,0.118665018541409,0.000129275193962888,0.0113699249761328,0.0461268090233615,0.00115286824114044
810,96,0.118518518518519,0.000128977628749005,0.0113568318094883,0.0473126501837597,0.00115156139305781
811,96,0.118372379778052,0.000128681084443567,0.0113437685291779,0.0485217106116642,0.00115025744235232
812,96,0.118226600985222,0.000128385556409733,0.0113307350339566,0.0497542430226837,0.00114895637968183
813,97,0.119311193111931,0.000129244812189592,0.0113685888389717,0.0403715900436924,-0.00334080753822488
814,97,0.119164619164619,0.000128948909955738,0.0113555673550791,0.0414354808207954,0.00114539140055847
815,97,0.119018404907975,0.000128654017424708,0.0113425754317398,0.0425210050315132,0.00114410164926331
816,97,0.118872549019608,0.000128360130035771,0.0113296129693724,0.0436284208988165,0.00114281473775085
817,97,0.118727050183599,0.000128067243253733,0.0113166798688367,0.0447579850834743,0.00114153065693156
818,97,0.118581907090465,0.000127775352568769,0.0113037760314317,0.0459099525522577,0.00114024939775239
819,97,0.118437118437118,0.000127484453496252,0.011290901358893,0.0470845764448602,0.00113897095119834
820,97,0.118292682926829,0.000127194541576588,0.0112780557533906,0.0482821079404027,0.00113769530828943
821,97,0.118148599269184,0.000126905612375047,0.0112652391175264,0.0495027961222596,0.0011364224600839
822,98,0.119221411192214,0.000127746552683152,0.0113025020541096,0.0402041724355593,-0.00330778034930849
823,98,0.119076549210207,0.000127457259584928,0.0112896970546126,0.041258443976387,0.00113293494093029
824,98,0.118932038834951,0.000127168942929021,0.0112769208088476,0.0423340623375346,0.001131673038094
825,98,0.118787878787879,0.000126881598352673,0.0112641732209991,0.0434312818377905,0.00113041388377506
826,98,0.11864406779661,0.000126595221517292,0.0112514541956714,0.0445503552978038,0.0011291574692697
827,98,0.118500604594921,0.000126309808108294,0.0112387636378872,0.0456915339126475,0.00112790378590964
828,98,0.118357487922705,0.000126025353834942,0.0112261014530843,0.0468550671223068,0.00112665282506167
829,98,0.118214716525935,0.00012574185443019,0.0112134675471145,0.0480412024817557,0.00112540457812689
830,98,0.118072289156627,0.000125459305650531,0.0112008618262405,0.0492501855306132,0.0011241590365412
831,99,0.11913357400722,0.000126282509688913,0.0112375490961736,0.0400347739238457,-0.00327539706339549
832,99,0.118990384615385,0.000125999606952485,0.0112249546525803,0.0410795224976006,0.00112074647999328
833,99,0.118847539015606,0.000125717648842185,0.011212388186385,0.0421453368462959,0.00111951153339259
834,99,0.118705035971223,0.000125436631182606,0.0111998496053566,0.0432324674820489,0.00111827924791178
835,99,0.118562874251497,0.000125156549821222,0.0111873388176645,0.044341163480931,0.00111704961521432
836,99,0.118421052631579,0.000124877400628239,0.0111748557318759,0.0454716723590061,0.00111582262699484
837,99,0.118279569892473,0.000124599179496445,0.0111624002569539,0.0466242399469585,0.00111459827498304
838,99,0.118138424821002,0.000124321882341068,0.0111499723022556,0.0477991102635084,0.00111337655094041
839,99,0.117997616209774,0.000124045505099624,0.0111375717775296,0.0489965253889773,0.00111215744666158
840,100,0.119047619047619,0.000124851527912752,0.0111736980410584,0.039863513659854,-0.00324363912084329
841,100,0.118906064209275,0.000124574806306224,0.0111613084495602,0.0408988348274818,0.00110881746156592
842,100,0.118764845605701,0.000124298998876431,0.011148946088148,0.0419549461372228,0.00110760861668383
843,100,0.118623962040332,0.000124024101625369,0.0111366108680051,0.0430320943882159,0.00110640234919097
844,100,0.118483412322275,0.000123750110576712,0.011124302700696,0.0441305250038722,0.00110519865109688
845,100,0.118343195266272,0.00012347702177567,0.0111120214981645,0.0452504819107797,0.00110399751444244
846,100,0.118203309692671,0.000123204831288853,0.0110997671727317,0.0463922074171099,0.00110279893129986
847,100,0.118063754427391,0.000122933535204132,0.0110875396370941,0.0475559420898148,0.00110160289377324
848,100,0.117924528301887,0.0001226631296305,0.0110753388043211,0.048741924631245,0.0011004093939967
849,100,0.117785630153121,0.000122393610697943,0.0110631645878538,0.0499503917549007,0.00109921842413626
850,101,0.118823529411765,0.000123181762670466,0.0110987279753342,0.0407164944629485,-0.00321457637170365
851,101,0.118683901292597,0.000122911907011241,0.011086564256398,0.0417630028227058,0.00109595612788004
852,101,0.118544600938967,0.000122642932543648,0.0110744269623149,0.0428302741312759,0.00109477506306968
853,101,0.118405627198124,0.000122374835458315,0.0110623160078853,0.0439185502475564,0.00109359648773227
854,101,0.118266978922717,0.000122107611966288,0.0110502313082708,0.0450280715946812,0.00109242039423553
855,101,0.11812865497076,0.0001218412582989,0.0110381727789929,0.0461590770422984,0.00109124677497821
856,101,0.117990654205607,0.00012157577070764,0.0110261403359308,0.047311803786513,0.00109007562238788
857,101,0.117852975495916,0.000121311145464032,0.0110141338953198,0.0484864872306873,0.00108890692892171
858,101,0.117715617715618,0.000121047378859497,0.011002153373749,0.0496833608639512,0.0010877406870667
859,102,0.118742724097788,0.000121819429070576,0.0110371839284564,0.0405326101740968,-0.00318397258403549
860,102,0.118604651162791,0.000121555334750399,0.0110252135920534,0.0415696147707436,0.00108454624662992
861,102,0.118466898954704,0.000121292093852218,0.011013268990278,0.0426271135293481,0.00108338960290649
862,102,0.118329466357309,0.000121029702724946,0.0110013500410152,0.0437053448294647,0.0010822353720098
863,102,0.11819235225956,0.000120768157736862,0.0109894566624953,0.0448045456738729,0.00108108354661936
864,102,0.118055555555556,0.000120507455275492,0.0109775887732913,0.0459249515739576,0.0010799341194426
865,102,0.117919075144509,0.000120247591747483,0.0109657462923178,0.0470667964336199,0.00107878708321499
866,102,0.117782909930716,0.000119988563578486,0.0109539291388289,0.0482303124326065,0.00107764243070012
867,102,0.117647058823529,0.000119730367213036,0.0109421372324165,0.0494157299093234,0.00107650015469001
868,103,0.118663594470046,0.000120486803937206,0.0109766481194036,0.0403472862131111,-0.00315394390090282
869,103,0.118527042577675,0.000120228288556347,0.010964866098423,0.041374885316026,0.00107337147482154
870,103,0.118390804597701,0.000119970599982081,0.0109531091468167,0.0424227148575325,0.00107223850257381
871,103,0.118254879448909,0.000119713734713471,0.0109413771854128,0.0434910098199065,0.00107110786962114
872,103,0.118119266055046,0.000119457689267962,0.0109296701353683,0.0445800038653188,0.00106997956893825
873,103,0.117983963344788,0.000119202460181264,0.0109179879181681,0.0456899292248809,0.00106885359352574
874,103,0.117848970251716,0.000118948044007238,0.0109063304556225,0.0468210165854486,0.00106772993641203
875,103,0.117714285714286,0.000118694437317784,0.010894697669866,0.0479734949764789,0.00106660859065113
876,103,0.117579908675799,0.000118441636702728,0.0108830894833557,0.0491475916555301,0.00106548954932506
877,104,0.118586088939567,0.000119182928676835,0.0109170934170609,0.040160622512237,-0.00312447432846877
878,104,0.118451025056948,0.00011892981744864,0.0109054948282341,0.0411789134603259,0.00106242462015638
879,104,0.118316268486917,0.00011867750750654,0.0108939206673511,0.0422171760502869,0.00106131460013861
880,104,0.118181818181818,0.000118425995492111,0.0108823708580489,0.0432756419458984,0.00106020684884185
881,104,0.118047673098751,0.000118175278064383,0.0108708453242783,0.0443545415459191,0.00105910135952052
882,104,0.117913832199546,0.000117925351899732,0.0108593439903031,0.0454541038761384,0.00105799812545526
883,104,0.117780294450736,0.000117676213691771,0.010847866780698,0.0465745564790995,0.0010568971399511
884,104,0.117647058823529,0.000117427860151247,0.0108364136203472,0.0477161253041572,0.00105579839633966
885,104,0.117514124293785,0.000117180288005932,0.010824984434443,0.0488790345964168,0.0010547018879767
886,105,0.118510158013544,0.000117906885396331,0.0108584936983143,0.0399727148725734,-0.00309554845775877
887,105,0.118376550169109,0.000117659010754419,0.0108470738337313,0.0409817940638577,0.00105169878071556
888,105,0.118243243243243,0.0001174119129173,0.0108356777783995,0.0420105908944327,0.00105061102252567
889,105,0.118110236220472,0.000117165588661886,0.0108243054586373,0.0430593337860309,0.0010495254652925
890,105,0.117977528089888,0.000116920034781671,0.0108129568010638,0.0441282499485066,0.00104844210253759
891,105,0.117845117845118,0.000116675248086631,0.0108016317325963,0.045217565274424,0.0010473609278063
892,105,0.117713004484305,0.00011643122540312,0.0107903301804495,0.0463275042322109,0.00104628193466815
893,105,0.117581187010078,0.000116187963573773,0.0107790520721339,0.0474582897594225,0.00104520511671722
894,105,0.11744966442953,0.000115945459457406,0.0107677973354538,0.0486101431537723,0.00104413046757114
895,105,0.11731843575419,0.000115703709928916,0.0107565658985066,0.049783283965252,0.00104305798087155
896,106,0.118303571428571,0.000116414995999795,0.0107895781196391,0.0407836180254616,-0.00306902978552322
897,106,0.118171683389075,0.000116172950539651,0.0107783556510096,0.0418030492115737,0.00104012117110127
898,106,0.11804008908686,0.000115931655295352,0.0107671563235309,0.0428421739546856,0.00103905714761368
899,106,0.117908787541713,0.00011569110718816,0.0107559800663705,0.0439012163473198,0.00103799525376566
900,106,0.117777777777778,0.000115451303155007,0.0107448268089815,0.0449803992187034,0.00103693548335435
901,106,0.117647058823529,0.000115212240148393,0.0107336964811007,0.0460799440311287,0.00103587783020127
902,106,0.117516629711752,0.0001149739151363,0.0107225890127478,0.0472000707752455,0.00103482228814987
903,106,0.117386489479513,0.000114736325102092,0.0107115043342236,0.0483409978655322,0.00103376885106672
904,106,0.117256637168142,0.000114499467044425,0.0107004423761088,0.0495029420337357,0.00103271751284165
905,107,0.118232044198895,0.000115196936931984,0.0107329835987941,0.0405844724558201,-0.00304111003466422
906,107,0.118101545253863,0.000114959790576725,0.0107219303568306,0.0415946370325397,0.00102983870811184
907,107,0.117971334068357,0.000114723372002744,0.0107108996822277,0.04262424727737,0.00102879558398659
908,107,0.11784140969163,0.000114487678252775,0.010699891506589,0.0436735242346988,0.00102775452719049
909,107,0.117711771177118,0.000114252706384448,0.010688905761791,0.0447426877379003,0.00102671553176203
910,107,0.117582417582418,0.000114018453470211,0.0106779423799818,0.0458319563082558,0.00102567859176108
911,107,0.117453347969265,0.000113784916597229,0.0106670012935796,0.0469415470533202,0.00102464370126919
912,107,0.117324561403509,0.000113552092867306,0.0106560824352717,0.0480716755651304,0.00102361085438973
913,107,0.117196056955093,0.000113319979396793,0.0106451857380129,0.0492225558162136,0.00102258004524803
914,108,0.118161925601751,0.000114004031662841,0.0106772670502728,0.0403844408408557,-0.00301369210922945
915,108,0.118032786885246,0.000113771637273604,0.0106663788266499,0.0413854367624385,0.00101975754391808
916,108,0.117903930131004,0.000113539949116449,0.0106555126163151,0.0424056349573464,0.0010187347094454
917,108,0.117775354416576,0.000113308964349646,0.0106446683532014,0.0434452534887582,0.00101771388239922
918,108,0.117647058823529,0.000113078680145645,0.0106338459715028,0.0445045092589396,0.00101669505704662
919,108,0.117519042437432,0.000112849093690991,0.0106230454056731,0.0455836179117275,0.00101567822767446
920,108,0.117391304347826,0.000112620202186241,0.0106122665904246,0.0466827937327945,0.00101466338859194
921,108,0.117263843648208,0.000112392002845882,0.0106015094607269,0.047802249550552,0.00101365053412712
922,108,0.117136659436009,0.000112164492898244,0.0105907739518056,0.0489421966356647,0.00101263965862996
923,109,0.118093174431203,0.000112835510925205,0.0106224060798486,0.040183603197916,-0.00298676264708829
924,109,0.117965367965368,0.000112607727192817,0.0106116788112352,0.0411755273381648,0.00100987182497208
925,109,0.117837837837838,0.00011238062898545,0.0106009730206925,0.0421864147340328,0.00100886869392851
926,109,0.117710583153348,0.000112154213571325,0.0105902886443819,0.0432164805321556,0.00100786751270078
927,109,0.117583603020496,0.000111928478232162,0.0105796256187146,0.0442659387670776,0.00100686827577306
928,109,0.117456896551724,0.000111703420263105,0.0105689838803503,0.0453350022657076,0.00100587097765019
929,109,0.117330462863294,0.000111479036972636,0.0105583633661963,0.0464238825511347,0.00100487561285574
930,109,0.117204301075269,0.000111255325682502,0.010547764013406,0.0475327897456588,0.00100388217593372
931,109,0.117078410311493,0.000111032283727633,0.0105371857593778,0.0486619324728518,0.00100289066144732
932,109,0.116952789699571,0.000110809908456072,0.0105266285417541,0.0498115177597357,0.00100190106398018
933,110,0.117899249732047,0.000111467327593427,0.0105578088443307,0.0409649843774974,-0.00296204073820256
934,110,0.117773019271949,0.000111244684372075,0.0105472595669242,0.0419666610335553,0.000999191931014508
935,110,0.117647058823529,0.000111022704142997,0.0105367311887035,0.0429872784845364,0.000998209833930831
936,110,0.117521367521368,0.000110801384291961,0.0105262236482017,0.0440270479579159,0.000997229625927541
937,110,0.117395944503735,0.000110580722217515,0.01051573688419,0.0450861795230103,0.00099625130171543
938,110,0.11727078891258,0.000110360715330918,0.0105052708356766,0.046164881997525,0.000995274856024029
939,110,0.117145899893504,0.000110141361056065,0.0104948254419054,0.0472633628527345,0.000994300283602129
940,110,0.117021276595745,0.000109922656829412,0.0104844006423549,0.0483818281185944,0.000993327579216993
941,110,0.116896918172157,0.000109704600099904,0.0104739963767372,0.0495204822882799,0.000992356737654372
942,111,0.117834394904459,0.000110349734906538,0.0105047482076696,0.0407538803220787,-0.0029360169534459
943,111,0.117709437963945,0.000110131416943963,0.0104943516685864,0.0417464451119375,0.000989699027300903
944,111,0.117584745762712,0.000109913742930752,0.0104839755308162,0.0427577173055621,0.00098873547389477
945,111,0.117460317460317,0.000109696710351787,0.0104736197349239,0.0437879053817532,0.00098777375642
946,111,0.117336152219873,0.000109480316704131,0.0104632842217026,0.0448372167098043,0.00098681386978447
947,111,0.117212249208025,0.00010926455949696,0.0104529689321723,0.0459058574569638,0.000985855808914334
948,111,0.117088607594937,0.000109049436251493,0.0104426738075788,0.0469940324974224,0.000984899568753023
949,111,0.116965226554268,0.000108834944500924,0.0104323987893928,0.0481019453190648,0.000983945144262405
950,111,0.116842105263158,0.000108621081790348,0.0104221438193084,0.0492297979303616,0.000982992530421782
951,112,0.117770767613039,0.000109254273300604,0.0104524768978747,0.0405422845727155,-0.00291044521090592
952,112,0.117647058823529,0.000109040155854729,0.0104422294484813,0.0415258351921009,0.000980384792383837
953,112,0.117523609653725,0.000108826664037444,0.0104320019189724,0.0425278639325968,0.00097943926240369
954,112,0.117400419287212,0.000108613795428091,0.0104217942518595,0.0435485765818604,0.000978495517181299
955,112,0.117277486910995,0.00010840154761763,0.0104116063898723,0.0445881778637747,0.000977553551812469
956,112,0.117154811715481,0.000108189918208568,0.0104014382759582,0.0456468713493507,0.000976613361409864
957,112,0.117032392894462,0.000107978904814899,0.0103912898532809,0.0467248593670774,0.000975674941103982
958,112,0.116910229645094,0.000107768505062031,0.0103811610652196,0.0478223429127427,0.000974738286041284
959,112,0.116788321167883,0.000107558716586726,0.0103710518553677,0.0489395215587066,0.000973803391386326
960,113,0.117708333333333,0.00010818029333044,0.0104009755951276,0.0403302636184697,-0.00288531386952614
961,113,0.117585848074922,0.000107970256407308,0.0103908737076007,0.0413048965927978,0.000971244229395807
962,113,0.117463617463617,0.000107760827480227,0.0103807912742829,0.0422977824109512,0.000970316221869914
963,113,0.117341640706127,0.00010755200421861,0.0103707282395505,0.0433091242241426,0.000969389949812224
964,113,0.117219917012448,0.000107343784302949,0.0103606845479895,0.0443391241648928,0.000968465408497522
965,113,0.117098445595855,0.000107136165424756,0.0103506601443945,0.0453879832594214,0.000967542593217608
966,113,0.116977225672878,0.000106929145286495,0.0103406549737671,0.046455901341062,0.000966621499279904
967,113,0.116856256463289,0.000106722721601525,0.010330668981316,0.0475430769619245,0.000965702122008895
968,113,0.116735537190083,0.000106516892094035,0.0103207021124551,0.048649707304295,0.000964784456744898
969,113,0.116615067079463,0.000106311654498984,0.0103107543128029,0.0497759880921038,0.000963868498843652
970,114,0.117525773195876,0.00010692109879442,0.0103402658957311,0.0410836918530052,-0.00286221376563695
971,114,0.11740473738414,0.000106715617944285,0.0103303251615951,0.0420675340177153,0.000961361558420453
972,114,0.117283950617284,0.000106510725869225,0.0103204033772535,0.0430696082225791,0.000960452278748048
973,114,0.117163412127441,0.000106306420335145,0.0103105004890716,0.0440901140600868,0.000959544682499
974,114,0.117043121149897,0.000106102699118468,0.0103006164436148,0.0451292500623343,0.000958638765134434
975,114,0.116923076923077,0.000105899560006069,0.0102907511876475,0.0461872136158073,0.000957734522132489
976,114,0.116803278688525,0.000105697000795221,0.0102809046681321,0.0472642008758578,0.000956831948985709
977,114,0.11668372569089,0.000105495019293535,0.0102710768322282,0.0483604066803608,0.000955931041203473
978,114,0.116564417177914,0.000105293613318903,0.0102612676272916,0.0494760244626098,0.000955031794308877
979,115,0.117466802860061,0.000105892086911028,0.0102903880835967,0.0408622808492545,-0.00283790047806491
980,115,0.11734693877551,0.00010569044360768,0.0102805857618951,0.0418371773807477,0.000952570653500064
981,115,0.117227319062181,0.000105489372811086,0.0102708019555965,0.0428300858573816,0.000951677902911053
982,115,0.117107942973523,0.000105288872368669,0.0102610366127731,0.043841203382142,0.000950786790133884
983,115,0.116988809766022,0.000105088940137896,0.0102512896816886,0.0448707260417169,0.00094989731079362
984,115,0.116869918699187,0.000104889573986212,0.0102415611107981,0.0459188488228905,0.000949009460529805
985,115,0.116751269035533,0.00010469077179099,0.0102318508487463,0.046985765529865,0.000948123234996682
986,115,0.116632860040568,0.000104492531439478,0.0102221588443674,0.0480716686994161,0.000947238629863933
987,115,0.116514690982776,0.000104294850828738,0.0102124850466837,0.0491767495167497,0.000946355640815538
988,116,0.117408906882591,0.000104882647234035,0.0102412229364483,0.0406407209079793,-0.00281399577411756
989,116,0.117290192113246,0.000104684735032643,0.0102315558461381,0.0416067685901763,0.000943939055929351
990,116,0.117171717171717,0.000104487379663382,0.0102219068506508,0.0425906118875876,0.000943062387810982
991,116,0.117053481331988,0.000104290579051513,0.0102122758996961,0.0435924454623284,0.000942187313526558
992,116,0.116935483870968,0.000104094331131885,0.0102026629431676,0.0446124630027703,0.000941313828856369
993,116,0.116817724068479,0.000103898633848882,0.0101930679311423,0.0456508571419708,0.000940441929594614
994,116,0.116700201207243,0.000103703485156371,0.0101834908138796,0.0467078193768075,0.000939571611550798
995,116,0.116582914572864,0.000103508883017649,0.0101739315418204,0.047783539985775,0.000938702870547216
996,116,0.116465863453815,0.000103314825405394,0.0101643900655865,0.0488782079463356,0.000937835702421361
997,116,0.116349047141424,0.000103121310301612,0.0101548663359796,0.0499920108520663,0.000936970103023911
998,117,0.117234468937876,0.000103697944118968,0.0101832187504231,0.041376361306819,-0.00279200272119908
999,117,0.117117117117117,0.00010350420219749,0.010173701499331,0.0423512386589106,0.000934601458076336
1000,117,0.117,0.000103311,0.010164201887015,0.0433438912380035,0.000933741993177382
